"","baseMean","log2FoldChange","lfcSE","stat","pvalue","padj"
"TBCB",864.805464498965,-0.299219842426245,0.100915969486713,-2.96503956656377,0.00302644002405239,0.0262309136235294
"TMEM30A",1459.45149427771,-0.497284390084288,0.0845448755491259,-5.8818986586045,4.05586662525876e-09,1.74543338507875e-07
"POFUT2",1538.96280654668,-0.259823750111952,0.0841806574369825,-3.08650179296183,0.00202526725209555,0.0188757959145403
"RPL27",6828.00623909749,-0.155062888622017,0.0547177438228338,-2.83386846365747,0.00459882570258423,0.0369473837696256
"KPNA6",2905.64554985389,-0.192357819708214,0.0647023125935379,-2.97296668384346,0.00294936463217529,0.0256302117026084
"SCARB2",2876.74527332093,-0.378600467748749,0.0607155247941488,-6.23564515059969,4.49919944743364e-10,2.38144792142771e-08
"SNRPB",2503.85856412182,-0.346673713247891,0.0646175766388889,-5.3650064159053,8.09463419286276e-08,2.85127007974931e-06
"RRAS2",656.695983921151,-0.606526683086244,0.11251126930106,-5.3908082883972,7.0141472479378e-08,2.48838815269134e-06
"CENPN",1234.50656178219,-0.457899551115978,0.083590704292596,-5.47787645756845,4.30460494505334e-08,1.5898126770947e-06
"ARL4C",1038.35535033125,-0.514538481311992,0.0914392062278118,-5.62711010450015,1.83253764346372e-08,7.16935082806477e-07
"CLCN4",613.732540719081,-0.303889270625823,0.111568771504349,-2.72378432179813,0.00645386376254626,0.0480664736807245
"BCL7B",439.030376282026,-0.468449592762836,0.130300532979849,-3.59514717284605,0.000324208245619521,0.00409835659660539
"HADH",1082.28768066269,-0.265042855769394,0.0908751808014125,-2.91655932271085,0.00353915413847241,0.0297373070140916
"PTMA",4469.92873386089,-0.322888300571567,0.0534939942750108,-6.03597291523249,1.58007756306819e-09,7.59204258215966e-08
"SLC7A1",2475.71314007516,-0.6614107677649,0.06359630023877,-10.4001453745211,2.47555228368755e-25,9.21567840368255e-23
"ANP32B",1641.22079804795,-0.243442160305258,0.0782592378844482,-3.11071468220412,0.00186635175086563,0.0176607549044627
"GID4",312.581715512647,-0.534378987511538,0.152348862195589,-3.5076007776513,0.000452167052272392,0.00548474201396095
"FEN1",1014.12792174026,-0.379024573847234,0.090411058730779,-4.1922368697824,2.76217370660319e-05,0.000508178352192535
"RAB1B",2697.79995582513,-0.379017837252473,0.0659455541286475,-5.74743577881051,9.06069958083733e-09,3.6906503889353e-07
"CDC45",390.472557258303,-0.564084744778003,0.136631016298732,-4.12852630433986,3.65095678449693e-05,0.000645306611659832
"DTYMK",584.586979508295,-0.442718748363526,0.11411345910588,-3.87963656375317,0.000104612654761971,0.00159056229928416
"GEM",3060.39288843776,-0.296868809110791,0.0638105287487789,-4.65234836526052,3.2817604878696e-06,7.7524738207478e-05
"EIF2S3",2897.48426617513,-0.209104331829899,0.0604700531455213,-3.4579816116035,0.000544238529495227,0.0063599444686467
"UHRF1",510.131391475224,-0.522291926163371,0.127674464926323,-4.09080959504916,4.29869949157747e-05,0.000741263546474456
"GPBP1L1",1169.84994249029,-0.298659935709691,0.0843301467316901,-3.54155598305699,0.000397774438755141,0.00488482803324862
"MYL6",5337.95318920367,-0.257880650518698,0.050173714516592,-5.13975600577508,2.75095452687092e-07,8.53572034701203e-06
"NEURL1B",333.186494042415,-0.707876399033622,0.147324781667053,-4.80486983264897,1.54852216116734e-06,3.98864442708146e-05
"SEC22C",1430.56741946772,-0.317898713829013,0.0772761768250823,-4.11379971020809,3.8919915699782e-05,0.000680617183032583
"MGAT1",730.270810181404,-0.308922042358681,0.103208615321022,-2.99318076691373,0.00276086170862199,0.0243556231657223
"ELAVL3",408.765229482924,-0.406766780592453,0.133027636473047,-3.05776146503865,0.00222997006296914,0.0205504797804486
"SHISAL1",275.784415249616,-0.575465947090351,0.161042056048398,-3.57338922025068,0.000352390363818114,0.00439843609214589
"TCF3",1302.02120180372,-0.226291350862921,0.0802359128546925,-2.8203249992648,0.0047975033205014,0.0382024842046041
"PSMB5",1244.40080160868,-0.250025838146107,0.0854921076168383,-2.92454876965582,0.00344956021288315,0.0291577685628671
"TPM4",12423.6960586715,-0.216421089606715,0.042740178224155,-5.06364499632347,4.11315275704837e-07,1.23369654512923e-05
"TMED2",4272.97850374129,-0.868981091605877,0.0540416052763255,-16.0798534233505,3.53213670229466e-58,1.74805445396563e-54
"CDC6",707.446059154266,-0.498904483034629,0.107697478865206,-4.63246204360138,3.61342598603532e-06,8.3957019741262e-05
"CS",3118.69759911641,-0.19502613858998,0.0603180188357945,-3.23329814795319,0.00122369778579177,0.0124996498284488
"FAM122B",1341.61968789629,-0.332270173143926,0.0818093243605521,-4.06151958521912,4.87543272006339e-05,0.000819304466268039
"ANAPC11",1006.40627366381,-0.315359386686404,0.0890807733207766,-3.5401509768085,0.000399898192043245,0.0049048231782454
"CDKN2C",936.726266599565,-0.267278481779931,0.0936349056581294,-2.85447483394486,0.00431080469224024,0.0349740531506507
"GAS2L3",559.544022626627,-0.400308610929863,0.117459999049124,-3.40804200724066,0.000654308211079799,0.00742699847851818
"SRSF1",4526.66474273204,-0.163842824042521,0.0535726096629171,-3.05833195495669,0.00222572872228933,0.0205314658837091
"TRIAP1",485.842698416327,-0.475531086150405,0.12438538896327,-3.82304618021353,0.000131813080580992,0.00192431544482398
"STS",273.554459561318,-0.449927177760998,0.165622476993654,-2.71658283300664,0.00659596875793688,0.0488674391961521
"RFLNB",379.608763517254,-0.901090177534245,0.145018913758462,-6.21360451668441,5.17827612778352e-10,2.68348571271211e-08
"SMS",2529.04247832183,-0.315980788511003,0.0633468287666422,-4.98810745009853,6.09736550591084e-07,1.75952547456284e-05
"PRR11",2320.4458884834,-0.726758549925769,0.0647570045180292,-11.2228562042803,3.14931656130569e-29,1.83364325434139e-26
"EMP1",12196.7273886054,-0.118588284972465,0.042776665651678,-2.77226574736109,0.00556675698870711,0.0427461293050605
"CD276",3047.61021072093,-0.200329431664466,0.0592438694509464,-3.38143732880813,0.000721076793829104,0.00803740777626179
"FKBP4",2406.81269179354,-0.237793358162051,0.0639678287630858,-3.71738986237525,0.000201291693379738,0.00273303865716413
"ICAM1",284.585381862602,-1.09053197366447,0.162862929535683,-6.69601103684883,2.14185553780911e-11,1.43243825089422e-09
"NUCKS1",14011.2558505398,-0.197597233618485,0.0424191687245203,-4.65820617329223,3.18976670374356e-06,7.55318440996501e-05
"HES1",197.1603330234,-0.575533013001693,0.189667764741926,-3.03442714045162,0.00240992957953325,0.0218839293378166
"SUDS3",937.799929084786,-0.839564077946098,0.0954502191122601,-8.79583185617078,1.4199208359057e-18,2.75576008505778e-16
"F2RL1",673.523860664537,-0.380410308489415,0.10856962319011,-3.50383742074247,0.000458605250621809,0.00553453086819412
"CEP55",671.238762415822,-0.465962026890009,0.116222308674877,-4.00923051867351,6.09169274591811e-05,0.000994561862427031
"DRAP1",621.300020574174,-0.466417860077122,0.111101712381954,-4.19811585327898,2.69144938414386e-05,0.000497943289799176
"JPT2",1825.27296037327,-0.24744557024952,0.0763393532946937,-3.24138939577209,0.00118948582205118,0.0122410903422102
"TRIP13",488.708376671485,-0.498984019456496,0.129226258815175,-3.86132063275285,0.000112775789667605,0.00169386155710161
"SRSF7",2214.0628852643,-0.198580227346304,0.0662044884937959,-2.9994979474075,0.00270424945795837,0.0239201618720929
"GPR89A",531.780719135269,-0.404116142257841,0.120398079784796,-3.35649989584697,0.000789357506591671,0.00866192971202257
"VKORC1",1101.27492150083,-0.257345201382455,0.0863228950402106,-2.98119289514769,0.00287127872325103,0.0251281315674083
"CPOX",703.131784702206,-0.311362357512688,0.105499939964852,-2.9513036463947,0.00316435667756669,0.0272118178927499
"ASF1B",1053.1597753941,-0.420158842190302,0.08827655313607,-4.75957462388304,1.94001389151728e-06,4.92365576877899e-05
"VIM",53735.0492606186,-0.124743085423669,0.0371818095194744,-3.35494928933819,0.000793795344649797,0.00870098152972723
"ALDH3A1",765.69865060455,-0.314903677098174,0.10352353278566,-3.04185597829399,0.00235124363710322,0.021424076947693
"LSM4",640.334896769671,-0.339726919030123,0.112612302161119,-3.0167833576838,0.00255472322584285,0.0229045747186526
"SRD5A1",343.12504859342,-1.81388022368834,0.158582609660881,-11.4380777789394,2.69796870155795e-30,1.66903088800129e-27
"POLR2E",1005.13424034473,-0.253901283859027,0.0906853384143896,-2.79980521987818,0.00511334504709515,0.039984935306415
"ZNF264",894.505006517489,-0.322689604546997,0.0987512318466927,-3.26770206824316,0.0010842443630022,0.0112966849526271
"TNFRSF10D",1100.59463675624,-0.465790620989324,0.0881931823687991,-5.2814810451166,1.28143742246484e-07,4.24202930018627e-06
"FANCA",891.551671026728,-0.276744615059145,0.0943827478089435,-2.93215255418662,0.00336621347558899,0.0285998120011844
"MRPL51",1675.66076958861,-0.201247688817297,0.0729193206810043,-2.75986785035592,0.00578247469049083,0.0439592430771722
"TFAP2C",579.649915134643,-0.375968699336173,0.113458053970008,-3.31372420185842,0.000920622661819355,0.00992627789399562
"CCDC34",185.875914325754,-0.585868594333471,0.200238321496609,-2.92585649916863,0.00343509348077848,0.0290851627653939
"VDAC3",1792.55752933406,-0.237270892683352,0.0718826614128109,-3.30080840107939,0.000964066943465747,0.0103110433815882
"H2AFY",1166.25137281106,-0.345842839762876,0.0840647657960557,-4.11400467827274,3.88853548163056e-05,0.000680617183032583
"ADCY9",827.934983804278,-0.349965654449564,0.0970329304851329,-3.60666891847799,0.000310152982668333,0.00396115383542085
"CALM3",7201.7953670233,-0.180025846450102,0.0516738001938755,-3.48389020692616,0.00049418216717388,0.00585798214453541
"SNRNP70",1059.18771726511,-0.278198213324305,0.0909888898401634,-3.05749651207972,0.00223194238876361,0.0205504797804486
"GPX1",2484.84098982734,-0.231656010764915,0.0680029921486193,-3.40655614474485,0.000657880179473453,0.00745045539637098
"KIRREL1",7812.33969066752,-0.183193067574334,0.0463545956142181,-3.95199365126473,7.75027973187773e-05,0.00123133657762642
"RBL1",793.851649010387,-0.312324152069708,0.100513613160832,-3.10728211083168,0.0018881611780845,0.0178330337220232
"RAN",5640.70087086571,-0.174938334964399,0.0500754862663208,-3.49349248520543,0.000476746401768776,0.00571287637373771
"HNRNPUL1",4898.48351662273,-0.179379536252614,0.0571305047047587,-3.13982061211639,0.0016905131805817,0.0163564999622656
"MYL12A",996.525042327212,-0.358605379502697,0.0904128826124306,-3.96630844124191,7.29943898496018e-05,0.00116720269908135
"RIOK3",885.170010464552,-0.405022308481791,0.0945764394825335,-4.28248632215205,1.84816496157294e-05,0.000356591360422006
"HMGB1",4263.64078660949,-0.25346779825827,0.0541789432186301,-4.67834518727031,2.89199396665396e-06,6.95118795560953e-05
"DDB1",6665.93450145868,-0.160047471600656,0.0486862370384126,-3.28732474178239,0.00101144123884096,0.0107072143123506
"TUBB3",7613.8952869865,-0.331542772842615,0.0494402867872217,-6.70592333473893,2.00136783194874e-11,1.34758767351215e-09
"SFRP1",566.779051932353,-0.383304022475374,0.117815614153145,-3.25342294593591,0.00114023644611291,0.0118302519325216
"CERK",2198.21458257337,-0.199141349187236,0.0680336408086327,-2.92710116378142,0.00342137572075492,0.02899381582537
"HPCAL1",972.033526028109,-0.284030352083136,0.0903588572385581,-3.14335927615001,0.00167020702379938,0.0162393999229531
"CDKN2D",104.683018461598,-1.1043782126344,0.263658230674802,-4.18867338147524,2.80589895583656e-05,0.000515265080980896
"INTS3",147.99645997691,-3.01893479091165,0.276017256496969,-10.9374856819679,7.62862384974686e-28,3.77540594323972e-25
"CEMIP2",1304.23922988649,-0.390495768717543,0.0836306051390894,-4.66929263596854,3.02238597982214e-06,7.22598464451196e-05
"COLGALT2",213.233315006715,-1.05409638685809,0.184528611701152,-5.71237369175691,1.11411103477118e-08,4.48271179762809e-07
"CAMK2N1",653.322564795506,-0.402160962740373,0.113139793456299,-3.55454920373096,0.000378627658379719,0.00467288848209782
"HMGB2",4722.23377287191,-0.410942773383319,0.0519586182899306,-7.9090396724995,2.59381951282825e-15,3.75294480975609e-13
"AHR",13470.4144886797,-0.165487756257359,0.0536273947068049,-3.08588095994825,0.00202950055418679,0.0188849639803847
"SCD",17257.2203405388,-0.505040442187922,0.0416175910152715,-12.1352637158311,6.86883563908448e-34,6.18070319596893e-31
"TMCO1",1580.18428772557,-0.315528814599941,0.0742638044112831,-4.24875640429757,2.14960510979497e-05,0.000407601367370701
"PSMA7",3543.25912573706,-0.199732114336037,0.0577160955683639,-3.46059643101563,0.000538980155667153,0.00631340305419347
"CDC20",1007.47578039443,-0.565290141610931,0.0906502762844261,-6.23594504927117,4.4905872557931e-10,2.38144792142771e-08
"ARPC1A",2862.22565384237,-0.259597790548529,0.061527981653044,-4.21918261535702,2.45189619148094e-05,0.000459637661046939
"WNT7B",76.078965625575,-0.909420256935155,0.313811904858729,-2.89797883016756,0.00375575939907785,0.0310823633211309
"BIRC5",1762.58802660194,-0.833672730268628,0.0725502050084431,-11.4909769058765,1.46446382657761e-30,9.66350863697676e-28
"GNPNAT1",495.826128063764,-0.363745927945851,0.126733061012161,-2.87017393125971,0.00410246069029818,0.0335588065393152
"LOXL2",2838.71122612461,-0.218665803203118,0.0602283412089266,-3.63061307706594,0.000282748793809252,0.00367759206455188
"ALYREF",683.544913463452,-0.404167636840315,0.107757100807426,-3.75072857205585,0.000176321488950338,0.00245461335813003
"ORC1",354.295880302854,-0.498651209288258,0.142501479423543,-3.49927040270345,0.000466533199101605,0.00561086950754275
"H2AFX",757.604355236936,-0.44679867183573,0.103130631368232,-4.33235660354309,1.47521744443867e-05,0.000292619283868816
"GGH",903.924566294819,-0.276109017963961,0.0976638296989164,-2.82713691256185,0.00469662427922901,0.0375199250329368
"EDF1",1992.29775892664,-0.220092676540401,0.0809176931123129,-2.71995737983922,0.0065290331008794,0.0484803973237092
"POC1A",273.376534631046,-0.580828245741876,0.161186804952241,-3.60344784992775,0.00031402377525212,0.00400542181371841
"SUN1",2583.62362574948,-0.340619681554009,0.0659905195996277,-5.16164569729999,2.44788261155201e-07,7.7162872895356e-06
"HAUS8",229.202589232874,-0.495139247728319,0.182097910815652,-2.71908252824261,0.00654632725840552,0.0485723742156656
"B4GALNT1",650.06874382877,-0.435395682527978,0.107606463057257,-4.04618523978717,5.20590432497749e-05,0.000870406098118703
"CBX1",2384.95597627499,-0.259856887892666,0.0681075592847976,-3.81538981313443,0.000135968118927926,0.00197622972268519
"RPL13",7385.92373522327,-0.190718607492886,0.050774839319346,-3.75616368361838,0.000172537869167775,0.00241211840257435
"HDAC7",525.198518953104,-1.2941231652458,0.12883357376171,-10.04492173476,9.67244303543153e-24,2.99180753639691e-21
"CENPO",601.720317323086,-0.382735760985026,0.112578597871591,-3.39972044616848,0.000674547802042568,0.0076044124653956
"SVEP1",1841.72233118336,-0.265802782123263,0.0735081864228189,-3.61596163717557,0.000299234692363365,0.00384758854725751
"NAV2",2065.15702905234,-0.375229939226751,0.0708393385231361,-5.29691477997358,1.17775626217588e-07,3.97864555734363e-06
"KHSRP",1778.80689214023,-0.223709477279073,0.0727458696638007,-3.07521895487619,0.00210348068928464,0.0195495322652952
"PMEPA1",513.855582540203,-0.456926954558364,0.12196575876515,-3.74635437998787,0.000179423077964178,0.00248908448866071
"TACC3",785.794038723665,-0.604691655012117,0.102489154737218,-5.90005505033721,3.63380308013768e-09,1.57751679329837e-07
"FBN1",12902.0663228284,-0.304614240222554,0.0429550566651654,-7.09146405269632,1.32700550904836e-12,1.1131102142848e-10
"EEF1A1",36072.369548473,-0.111987674635121,0.0391794870855884,-2.85832416311324,0.00425885071935624,0.0346377193263666
"RRM2",2202.42587857213,-0.498931619813951,0.0715371091010957,-6.97444481728867,3.07081046678544e-12,2.35603471197728e-10
"GNB1",7548.32114084032,-0.224578107340281,0.0478533714588581,-4.69304670692559,2.69166005604246e-06,6.54595853432636e-05
"CDC25A",422.951622849765,-0.646362090924875,0.131373316797075,-4.92004089326048,8.65261325091985e-07,2.39897943858837e-05
"WBP11",1669.21172644284,-0.297029499267111,0.073128167652864,-4.06176592140387,4.8702898816251e-05,0.000819304466268039
"ADGRB1",2213.02798227572,-0.218142633626221,0.0749337239524979,-2.91114096724335,0.00360111507346569,0.0301300397271035
"EPDR1",405.608791062825,-0.390143185788914,0.13371649533241,-2.91768928597063,0.0035263554546266,0.0296549416226798
"MCM2",2113.80135911945,-0.403523270222846,0.0672888082721509,-5.99688537491685,2.01137928437359e-09,9.30309913865879e-08
"SAE1",3672.46479997174,-0.224519011051101,0.0563999143627545,-3.98083957374534,6.86722861151927e-05,0.00110343877916912
"KIF22",884.728541675706,-0.504032965312035,0.0993635231974865,-5.0726156751735,3.9238446520597e-07,1.18654445861008e-05
"ACTN1",2420.90098066012,-0.183731278120878,0.066741913563086,-2.75286200697873,0.00590767916260166,0.0448078224915182
"MCM7",3045.13703164849,-0.485423114057271,0.0613840428708659,-7.90796909676443,2.61621733555436e-15,3.75294480975609e-13
"SORL1",1463.50156035841,-0.55330409440773,0.0790022045176046,-7.0036538573355,2.49371775391282e-12,1.97462546625833e-10
"ARPC5",2689.09647557926,-0.195707682892664,0.0620734018236527,-3.15284287864002,0.00161688809662712,0.0157985768809627
"SORBS3",818.169574604705,-0.290601635332299,0.106179577611177,-2.73688822154167,0.00620233636879743,0.046508125286634
"NPTX1",1814.92673488493,-0.256806181038731,0.075683028378174,-3.39318056560209,0.000690860822432456,0.00774421338667774
"RNF182",269.314610027427,-0.602428827378811,0.163544049065247,-3.68358757669297,0.000229974222005726,0.00307190937842466
"LMNB2",2487.92835417628,-0.52596081669036,0.0666076554479325,-7.89640189484684,2.87070018325114e-15,3.94641533525274e-13
"SDC4",7912.25012585233,-0.139997384240019,0.0475247049853152,-2.94578123700668,0.00322140146399636,0.027592612266082
"NPTN",2113.86384478186,-0.242869960816378,0.0690536115461766,-3.51712177507137,0.000436253589096559,0.00530471501827732
"PMAIP1",980.269057979047,-0.325193744412362,0.0932538138946732,-3.48718975483037,0.00048812489256138,0.00581403151212099
"CDT1",268.812074791983,-0.531362360612223,0.16694622530287,-3.18283542888279,0.0014584048144085,0.0144497405936089
"SLC7A8",3186.57543930868,-0.17391767709458,0.0607293648963502,-2.86381518053769,0.00418572159672736,0.0341833930399401
"ARFGAP2",1007.61416440339,-0.255090714477745,0.0906991133176868,-2.81249402719355,0.0049158936467709,0.0388018463442889
"CCNG1",598.078113999931,-0.46409638384575,0.118373821016731,-3.92059984090699,8.83288310091136e-05,0.00137034289863355
"PRC1",2291.15016966234,-0.516107776765883,0.0668441660367405,-7.72105940378114,1.1536676697804e-14,1.48298735006316e-12
"ACTB",40256.5945095592,-0.186790376272246,0.0379160052001805,-4.92642553681675,8.37475064015397e-07,2.3284629729282e-05
"CAV1",4591.51017055141,-0.162591260990618,0.0540689079674056,-3.00711198178133,0.00263742587102899,0.0234127724407578
"KCNJ12",119.891358667249,-1.1844940158304,0.246552241541788,-4.80423138083554,1.55347102112892e-06,3.98864442708146e-05
"UBE2R2",734.849900744435,-0.750874986366832,0.104730745256472,-7.16957551030538,7.52306655458095e-13,6.81865391314446e-11
"ZNF358",502.756847031294,-0.395890039197111,0.122033334165136,-3.24411392924323,0.00117816611824081,0.0121473835816121
"NOTCH1",1568.96178940085,-0.251001400797488,0.0766166376350644,-3.27606912212779,0.00105262794952693,0.0110505252824483
"MRGPRF",422.990973202445,-0.519305069901294,0.132371846549767,-3.92307793112228,8.74248566916773e-05,0.00136272634887279
"CAPN2",6068.57179434769,-0.189373416621129,0.0574033808596758,-3.29899413214106,0.000970319395396512,0.0103493764823649
"EPHA2",695.034744268755,-0.318787466975107,0.107536337517794,-2.96446275122916,0.00303211948434626,0.0262428391415403
"MCM10",406.214197733481,-0.50457331860869,0.134178412613741,-3.76046570219313,0.000169597327719276,0.00238109836846156
"PGD",3321.21368088374,-0.239551285459564,0.0595864664557073,-4.02022975531921,5.8141410636065e-05,0.000958270121424277
"WDR1",3332.39254408557,-0.261602134283263,0.0620332341040026,-4.21712873851895,2.47432727276073e-05,0.000462965809939238
"SET",10613.0193761205,-0.134775174475334,0.0433996649181557,-3.10544274315243,0.0018999440063719,0.0179101388333991
"LMNB1",1641.39112247915,-0.369078314703065,0.075641186217674,-4.87933007344651,1.06446789780615e-06,2.84759547364468e-05
"GPR107",4911.64484731698,-0.210247956898352,0.0515217932397308,-4.08075774692214,4.488912128644e-05,0.000770039033783679
"CASP7",1413.23195972331,-0.234198085580669,0.0805136350789486,-2.90880029638487,0.00362818541369513,0.0303052989238434
"C20orf27",810.568075535887,-0.312574339460016,0.102203422175893,-3.05835492398749,0.00222555811259616,0.0205314658837091
"NQO1",12382.4605027088,-0.261339827034354,0.0438330781297904,-5.96216004407729,2.4892515506966e-09,1.13541990086613e-07
"UGGT1",2751.86513690602,-0.290763047869595,0.0628210062474552,-4.6284366526105,3.68436527812224e-06,8.52052512216213e-05
"CCDC137",195.714007529997,-0.558650275367939,0.189773405140232,-2.94377536702325,0.0032423524029061,0.0277139931640454
"HNRNPM",2670.20919777735,-0.269398550919554,0.0666502544786821,-4.04197332818468,5.30032626309045e-05,0.000883209248351334
"ELAVL1",1597.57241240079,-0.285545380038389,0.0742533275537577,-3.8455566833912,0.000120279054356055,0.00178849478292094
"SLC7A5",2511.16140625992,-0.181186364732726,0.0634103982435568,-2.85736046061084,0.00427180414425967,0.0347145463217424
"RNASEH2A",724.392189893246,-0.420074542398627,0.104142078182294,-4.03366775208109,5.49129464057857e-05,0.000911960307926958
"CDK4",3325.70894770071,-0.237215344850629,0.0577505578393463,-4.10758534160879,3.99817067080743e-05,0.000696723473585421
"SPRY2",2859.50981012325,-0.181796520361019,0.0600993450119651,-3.02493347181779,0.00248687823439588,0.0224385786363267
"PEA15",4272.27502731041,-0.206225667873165,0.0574448710210839,-3.58997529644508,0.000330709301759567,0.0041592892869329
"RGCC",1055.01741600958,-0.394563295022435,0.0919287054692923,-4.29205755708411,1.77025043982987e-05,0.000344242413623499
"SMC1A",4206.96080553795,-0.380295857370554,0.0553605492719848,-6.86943793679091,6.44553513511514e-12,4.72577087165701e-10
"PTTG1",867.408078994408,-0.621729387611053,0.0971823627845029,-6.39755373091419,1.57885930386948e-10,9.30211273196436e-09
"RPL14",3496.90614262456,-0.17032661267895,0.0565686842303983,-3.01097002690089,0.00260414557043772,0.0232633870543254
"PSMC3",1799.76952200093,-0.309780955094245,0.0786662326116996,-3.93791522499036,8.21926210677258e-05,0.00128929090860277
"TMEM64",912.339298674921,-0.681444117096753,0.0945790942079029,-7.20501843249639,5.80359984547941e-13,5.41924823307125e-11
"KLHL11",521.036116256408,-0.620014301127065,0.127593862480022,-4.85927997692007,1.17813429560307e-06,3.11796076413883e-05
"SCARA3",675.342352690239,-0.47379833909219,0.108504792633079,-4.36661208776642,1.26188544931423e-05,0.000256471091936596
"ANKS1B",897.474954710862,-0.314375992455705,0.0947197018536067,-3.31901374585813,0.000903359824852965,0.00977208256436573
"FRMD5",261.782227081268,-0.535784889878879,0.165821786623087,-3.23108863310416,0.00123319693043716,0.0125707345185036
"E2F7",797.113640330034,-0.384025692758619,0.101928027064655,-3.76761626627996,0.000164813787226932,0.00234049765562721
"FOXM1",1941.22414872446,-0.456784954808453,0.0696712625532572,-6.55628932315219,5.51631587345316e-11,3.45572750097717e-09
"DBT",407.225390043411,-0.741166955495578,0.136188526544901,-5.44221289633542,5.2622730491949e-08,1.92199183176868e-06
"IGDCC4",212.208494102199,-0.602344632081798,0.182493223309101,-3.30064109318497,0.000964641965179901,0.0103110433815882
"MCM3",1332.57452746304,-0.326397024099313,0.0791654943548979,-4.12297083166158,3.74017075101577e-05,0.000658417725522547
"PAICS",3190.80534129898,-0.170387349381339,0.0579939896159847,-2.93801737920744,0.00330318506377915,0.0281367691577332
"STEAP3",641.732473736551,-0.326109947786216,0.109412771490752,-2.98054736520207,0.00287733737334414,0.0251589092944879
"C11orf87",295.53816057416,-0.629387374992913,0.157154554817236,-4.00489426300665,6.2045227878348e-05,0.00100511238222568
"ENO1",37920.6328874258,-0.129610386329231,0.0410724566127541,-3.1556521576307,0.00160139714589319,0.0156626768281134
"RPS15",3776.95259962208,-0.183717195023031,0.058618812765511,-3.13409955534143,0.00172382359983265,0.016533339138705
"HSPA5",16812.2262845801,-0.218346661296548,0.0412283687772481,-5.2960295973932,1.18347664087323e-07,3.98437135760654e-06
"UBE2E3",3467.70245341172,-0.183760312563685,0.0617459824926626,-2.97606913268441,0.00291969035955333,0.0254393443475871
"ACAT1",1154.81027654119,-0.261301011430779,0.0878788947604732,-2.97342168609418,0.00294499547882155,0.0256302117026084
"CLCN5",333.563785904874,-0.778997596855746,0.148830655918599,-5.23412056506563,1.65772226381461e-07,5.34466937043552e-06
"AMOTL1",1995.16291291201,-0.242023449061389,0.0687450036783539,-3.52059693230617,0.000430576584103039,0.00524212426746849
"PLK1",1737.08069994057,-0.655239989159754,0.0759120108017695,-8.63157202976476,6.05144352822002e-18,1.15186900081388e-15
"MYBL2",1346.63226922165,-0.575779497700661,0.081987098819423,-7.02280609988187,2.17455903257488e-12,1.74990124426229e-10
"KIF1B",3534.20630683947,-0.229573333019799,0.0573147010265644,-4.00548775284365,6.18896406182863e-05,0.00100423551285213
"OAZ1",9502.43863117083,-0.45174610998044,0.0448293246610906,-10.0770224266289,6.98095880124128e-24,2.30325100715621e-21
"PA2G4",2440.65241344001,-0.207981571983576,0.0662867963002507,-3.13760180898635,0.00170336107102854,0.0164166191636227
"ZNF367",492.811088387985,-0.777936053705817,0.128759788759966,-6.04176242597014,1.52439815229975e-09,7.36024044461606e-08
"CALR",14467.6712855797,-0.131159305986363,0.044057538592587,-2.97700030860169,0.00291083717107352,0.025384634960522
"TMEM109",1733.08586902828,-0.375313765462881,0.0718918194742362,-5.22053507906254,1.78406908448475e-07,5.69635993491293e-06
"F2R",2752.26394604302,-0.206188433194336,0.0612186083934152,-3.36806795524144,0.000756969357543553,0.00839023818697211
"UBE2Z",2429.79982148811,-0.30746810837322,0.0669388904695407,-4.59326568182554,4.36362934393656e-06,9.88357053690711e-05
"CDCA2",1159.02638935897,-0.333305168904862,0.0850307710725435,-3.91981825756354,8.86157691302914e-05,0.00137264300915747
"PKMYT1",133.279777469898,-0.993002509176743,0.231821031899799,-4.28348757245612,1.83986379741883e-05,0.000355687510705163
"PCNT",2024.70599807744,-0.245532459789312,0.0707216181613986,-3.47181620235224,0.000516950134904384,0.00609865606112467
"BTG3",529.780977948913,-0.346379808913672,0.12621795426447,-2.74429902569874,0.00606402726305902,0.0457134362907526
"LHFPL6",653.036562885487,-0.311242317360829,0.107135950689305,-2.90511555979406,0.00367117530426197,0.0305472455785678
"KIF4A",1502.18507734671,-0.406418828581356,0.0772711727419222,-5.2596435922974,1.44334881970556e-07,4.73055186008132e-06
"UPF1",1853.76453547861,-0.221019858542219,0.0706838178038966,-3.12688059882972,0.00176671663181105,0.0168630291433614
"NCAPH",638.787954481625,-0.350301698683499,0.1084122052223,-3.23120167111445,0.00123270930938547,0.0125707345185036
"RPS20",9093.61007369517,-0.1291268811475,0.045482901846243,-2.8390202890752,0.00452522795148422,0.0365042430837741
"DHFR",794.200138816103,-0.466054019821801,0.0985678043463627,-4.72825810529479,2.26454202744213e-06,5.66021136051066e-05
"CCNI",1547.42307420154,-0.225116616459005,0.0768653394826856,-2.92871426801822,0.00340367149470528,0.0288932593950196
"TFDP1",1599.28950366958,-0.382040260904214,0.0747784638358292,-5.10896107391235,3.23935076146833e-07,9.95748255807874e-06
"SLC3A2",5789.31350824067,-0.150954352478776,0.0496744154122492,-3.03887526860663,0.00237463149134917,0.0215831978892324
"DUT",772.236919381372,-0.445836713362019,0.100961570593419,-4.41590508885247,1.00588215213435e-05,0.000207854311937907
"PI4K2B",329.276896722607,-1.213252825221,0.153596920983085,-7.89893975384191,2.81285789736371e-15,3.9213616152262e-13
"NEK2",644.330285871974,-0.343011768202158,0.114700201448695,-2.99050711219183,0.00278514643385382,0.0245261382582608
"ODF2",2120.56821893081,-0.266373100046143,0.0716165036646812,-3.71943737009754,0.000199667047999412,0.0027147039026074
"NUP50",1259.09106094673,-0.305436806301059,0.082230299131894,-3.7144070923438,0.000203680682553848,0.00276168684372328
"ATXN1L",1139.1468504056,-0.284132216867926,0.0845904443583314,-3.3589162348447,0.000782487821385625,0.00861519961743595
"SRRT",1575.12177930401,-0.284577043498871,0.0786860943117405,-3.61661162608258,0.00029848463106488,0.00384687614359399
"C12orf75",690.643441221019,-0.483121988075077,0.107312590909957,-4.50200655839586,6.73149040003855e-06,0.000145476620042754
"AGPAT5",1364.22620578741,-0.880858562777032,0.0798736361928891,-11.0281515248639,2.7955173921881e-28,1.53722395265988e-25
"H1F0",4062.88045099832,-0.172090186592555,0.0575703458581137,-2.98921578509679,0.00279694524979329,0.0245862913698525
"MT2A",2321.62625105022,-0.259253400231679,0.0675411412571585,-3.83845157789958,0.000123812624070448,0.00182950478847335
"GINS4",711.680047286167,-0.467351385271972,0.104887154104314,-4.45575427480067,8.35987434896872e-06,0.000176807769884813
"SPCS2",1071.04176137651,-0.643509051749065,0.0939808036103836,-6.84723929811094,7.52887225454969e-12,5.32291268396663e-10
"PCBP1",2928.04352175551,-0.197471767385132,0.060703504058645,-3.25305384668333,0.00114171859688195,0.0118332258344896
"EI24",1877.56258736989,-0.36085075264795,0.072155235336102,-5.00103354894614,5.7023787661022e-07,1.65035511774502e-05
"CALU",10935.011003664,-0.206989114044733,0.0431381678261951,-4.79828246017999,1.60031992044669e-06,4.09301461823808e-05
"NAP1L4",420.516777634275,-0.829566742901936,0.140760777345247,-5.89345099215557,3.78212307893854e-09,1.63473599280933e-07
"BUB1",1184.97274820046,-0.524000301722473,0.0833981577177755,-6.28311603112053,3.31853187522144e-10,1.82482380560788e-08
"AMOTL2",719.283149415218,-0.320008254503044,0.104099147326352,-3.07407181251749,0.00211158597346153,0.0196064521250677
"SIPA1L2",4127.83596192997,-0.30858728554905,0.0549699081020954,-5.61374934402131,1.97988957901198e-08,7.71533348545693e-07
"TUBA1C",8847.19839054771,-0.34049294262125,0.0467795711315824,-7.27866746925717,3.37133539562156e-13,3.2397551209575e-11
"TNFRSF21",1312.9368426577,-0.467430120534897,0.0836822428843006,-5.58577428644172,2.32661257604642e-08,8.9606269563064e-07
"FAM57A",415.594105197824,-0.504419827130306,0.1340107922541,-3.76402391662507,0.000167200881931812,0.00236084783075759
"PABPC1",16064.3317387,-0.137980690505386,0.042788508382386,-3.22471373089944,0.00126098691271973,0.012827593486228
"TMEM9B",831.171792562994,-0.388916631433906,0.0967781335037016,-4.01864158104507,5.85346326424172e-05,0.000962418262283464
"DTL",822.254471705505,-0.396704662349683,0.100732567395643,-3.93819667865274,8.20962901369808e-05,0.00128929090860277
"PFN1",6782.56491562504,-0.387918004108046,0.0507845113580764,-7.63851012315301,2.19749680383176e-14,2.68528683510207e-12
"MRTO4",911.773850911692,-0.358416962307588,0.0934254803020952,-3.83639410949381,0.000124853992456865,0.00184173594238159
"ARSB",325.128484059495,-0.424044227573634,0.148709706076069,-2.8514899179259,0.00435148662047775,0.0352175098687562
"TM4SF1",1814.75955410955,-0.212559210354494,0.0731625756906733,-2.90529971570686,0.00366901580645132,0.0305472455785678
"TMEM33",898.655964752132,-0.331728690150762,0.104709420085764,-3.16808831410825,0.00153444900615999,0.0150973919115026
"DCTN3",770.330542044738,-0.288856561004902,0.101663598885434,-2.84129781132792,0.00449303325095466,0.0363037086677136
"PCBP2",6651.12795899741,-0.191498907463661,0.0477491131204394,-4.01052281286642,6.05844460653356e-05,0.000991181565544945
"ZNF618",1667.87660485098,-0.338433450588047,0.0743372525786905,-4.5526763345174,5.29677315051873e-06,0.000117814518300752
"ATCAY",383.757744956018,-0.509239802700827,0.137746271080458,-3.69694074987611,0.000218213246150437,0.00294260859727115
"CTSC",5533.24449574678,-0.236326838535095,0.0504979197241833,-4.67993216009488,2.86969856726508e-06,6.92787229726581e-05
"CKS2",1915.12291695535,-0.509989885798678,0.0748395521260185,-6.81444331654914,9.46294759038516e-12,6.64285498224343e-10
"GTSE1",830.854881889704,-0.40281584294278,0.102147088857591,-3.94348823297713,8.03049334228698e-05,0.0012717731696313
"TUBB",4523.08572588082,-0.162446305343371,0.0538978527752033,-3.01396617822422,0.00257856550165592,0.0230974129732039
"CENPL",400.775420820716,-0.42172035488289,0.138713144122485,-3.04023355213193,0.00236394756029822,0.0215058391101395
"RBMS1",1996.12923459556,-0.347333395154399,0.0679290924996663,-5.11317584812583,3.16787141768608e-07,9.79862227883025e-06
"CCT2",4230.48545575152,-0.236054117210771,0.0553137962328953,-4.26754504819882,1.97635869896407e-05,0.000378375210877106
"SDC1",778.544653754103,-0.511195522264616,0.101084120305591,-5.05712985105082,4.25613449122079e-07,1.27272565541098e-05
"COPS6",1159.04875845484,-0.288358946100376,0.0858918648968529,-3.35723233447854,0.000787269283775041,0.00864860307525566
"OLFML2B",257.635200562021,-0.724185397600583,0.174266997343226,-4.1556083976949,3.24423085297655e-05,0.000589199944637832
"ZDHHC18",521.575832320171,-0.783165760957852,0.125682648751987,-6.2312957972687,4.62592699854385e-10,2.43550135274399e-08
"CCT7",4632.24139684361,-0.245460761154697,0.0526543121732532,-4.66174091016584,3.1354575849285e-06,7.44238829151614e-05
"CD59",15926.0137156339,-0.112504786142552,0.0409005949354289,-2.75068825576173,0.0059470209159096,0.0450716791927054
"HNRNPH1",6694.77738254244,-0.143399318426048,0.050619004548397,-2.83291462772532,0.00461257031284129,0.0370277542226303
"GNG11",1266.24472281208,-0.292823861903685,0.0807978426131992,-3.62415446295405,0.000289908316468619,0.00375099675347241
"MLF2",1917.4966045281,-0.266429141646568,0.0713514029173104,-3.73404208961853,0.000188430983013987,0.00258807382620688
"VCL",7348.70330459969,-0.159999423234982,0.0471934578809722,-3.39028819711665,0.000698191824706815,0.00780870359429159
"KDELC2",2352.90669379005,-0.268930784101215,0.0649177033871651,-4.14264168430804,3.43328131404441e-05,0.000616744436414002
"NSD2",2124.50317509456,-0.493835229809578,0.0672872945483193,-7.33920472095891,2.14866741482565e-13,2.23868527073098e-11
"CSDE1",7348.618710726,-0.227486051730651,0.0468389176065113,-4.85677430981083,1.19313453656152e-06,3.14923883810291e-05
"ANXA6",2069.14541630675,-0.200487835521615,0.0737009278319306,-2.7202891662207,0.00652248506788061,0.0484681360374492
"RAB5C",2292.54442488505,-0.217633507804033,0.0671432460838635,-3.24133134004578,0.00118972811772138,0.0122410903422102
"BUB1B",757.242364878149,-0.524751775417175,0.103393087055194,-5.07530813096863,3.86868560439012e-07,1.17460889914888e-05
"YWHAH",1412.88777227263,-0.230414282000424,0.0783504297642987,-2.94081707903299,0.0032734777935581,0.0279317958626191
"HNRNPL",4168.52212395749,-0.15729711191588,0.0547813712276519,-2.87136134767802,0.00408708033905139,0.0334883453608697
"CCNB2",898.081310076858,-0.503917819387258,0.0951910292980076,-5.29375323602899,1.1983110712166e-07,4.02063829928879e-06
"ANLN",3764.92229560886,-0.384204477960226,0.0637980963402014,-6.02219345090592,1.72069057349992e-09,8.18817081562607e-08
"MCM8",814.832212287366,-0.337857283313761,0.0983541283789675,-3.43511033936436,0.000592312605497055,0.0068489604780489
"ANXA5",12418.3836111858,-0.15696254922215,0.0450095545818751,-3.48731620830919,0.000487894134054425,0.00581403151212099
"HJURP",830.483387928015,-0.621497415730438,0.0976699829072443,-6.36323870682628,1.97543316472956e-10,1.13022181875683e-08
"HSPB1",6371.27589179175,-0.257852623243342,0.0563064310990448,-4.57945243927413,4.66194778205627e-06,0.000104872634424529
"ICMT",1655.58454704498,-0.537149049949143,0.0749309967352878,-7.16858274082159,7.5778129970286e-13,6.81865391314446e-11
"RFC3",618.698693374532,-0.366616726912256,0.112456653567917,-3.26007146114162,0.00111384146196643,0.011580675200151
"NUDC",1162.44936676524,-0.276669164551624,0.0927341868797146,-2.98346460847812,0.00285004994873688,0.0249644198164581
"FUS",3065.70292407532,-0.185754499911634,0.0605874594658667,-3.06589022793212,0.00217022975470707,0.0200944191881109
"FBLN1",2088.71022384986,-0.202829382478237,0.0685338531250877,-2.95955025479209,0.00308088447899708,0.026609593868336
"IL11",218.111482389685,-0.533926645208526,0.191437257152225,-2.78904249439786,0.00528641281886174,0.040992249237017
"ORC6",518.25214916618,-0.462918734050214,0.123782498533082,-3.73977532798383,0.000184184806798,0.00254262373456989
"RPE",520.387468202417,-0.334236931584471,0.118804277956576,-2.81334087739365,0.00490296454945972,0.0387616159029971
"PRKCA",3771.2138699728,-0.172042849795165,0.0575543096412015,-2.98922619118699,0.00279684998749719,0.0245862913698525
"CBX6",817.841187024765,-0.596544968545445,0.0993277954804629,-6.00582108623141,1.903660235866e-09,8.93006114436097e-08
"MLPH",746.208964238368,-0.314046514226508,0.109329696966708,-2.87247219135838,0.00407273921622393,0.0333984861327129
"CHD3",2561.02058718341,-0.233630876041433,0.0684394278054862,-3.41368833043786,0.000640898461486824,0.00733365661479374
"CTNNBIP1",709.534023321684,-0.307822688714044,0.105281256435478,-2.92381283369937,0.00345772585394348,0.0292018519644476
"STMN1",7084.44772092368,-0.273678932656662,0.0469457116753673,-5.82968971796977,5.55305316904339e-09,2.35897511876358e-07
"CCNB1",2396.28096300681,-0.498845803619356,0.0675463485240918,-7.38523716706066,1.52181876564468e-13,1.63727849373381e-11
"MSANTD3",953.891299743811,-0.608524632786883,0.100481457816293,-6.05608881490782,1.39471016650593e-09,6.80041439806682e-08
"PIP4K2C",540.469561755767,-0.407383816665672,0.119555159249235,-3.40749675065385,0.000655616891339595,0.00743332874052613
"ZC3H7B",1262.24523256387,-0.3868054628917,0.0861872790466474,-4.48796466451097,7.19068516141732e-06,0.000154054982094608
"SLC43A3",841.656704395849,-0.32578546111247,0.099417398489546,-3.27694614888486,0.00104936381282389,0.0110378353021582
"KPNA2",4292.8065206552,-0.326564582401393,0.0548607403394219,-5.9526098332058,2.63899913940491e-09,1.18193726162126e-07
"KIF2C",1652.74148569459,-0.440284740454333,0.0730882124815448,-6.02401844983563,1.70138958840329e-09,8.13543678551484e-08
"SLC39A6",1633.84530168173,-0.367905903502344,0.0752128039330934,-4.89153288088581,1.00053674506399e-06,2.71323635688859e-05
"AXL",2582.92022566724,-0.278910864508407,0.0638984662451011,-4.36490702982703,1.27176836056717e-05,0.000257950066247825
"CBR1",624.794385914121,-1.43979740850928,0.116016313582729,-12.410301310622,2.29786407540673e-35,2.84303232729698e-32
"ITGB1",16718.4222520477,-0.180803222010678,0.0440645707149186,-4.10314270801384,4.07575671861467e-05,0.000706989020132778
"H2AFZ",4119.32098936975,-0.397602814055972,0.054790778056368,-7.2567469957613,3.96510356535472e-13,3.73777096094105e-11
"CDCA4",467.040630883046,-0.528879081959403,0.125923088190681,-4.2000167686369,2.66895213116196e-05,0.000496565567560923
"TMBIM6",13514.3906277834,-0.142422142901425,0.0419620761278734,-3.39406807392976,0.000688625727091616,0.00772791093736147
"TMEM19",426.775533521604,-0.549483323777312,0.130921950217542,-4.19702977892006,2.70438385420672e-05,0.000499402824420488
"WDR34",1041.25309600132,-0.352709293920132,0.0903017821248026,-3.90589516198768,9.38772088939212e-05,0.00144960470145403
"ACTG1",50479.6183044163,-0.205437709333317,0.0385195244741653,-5.33333970597435,9.64226818281176e-08,3.36053417160108e-06
"HDGF",2684.34717742036,-0.568026544658034,0.0668168455109755,-8.5012475568714,1.87563893633852e-17,3.43797670219975e-15
"FOSL1",2651.78187934756,-0.445742935662215,0.0637720641666432,-6.98962690775449,2.75618202997384e-12,2.16513410576834e-10
"CD44",33696.9225968725,-0.131505256496686,0.038896419673441,-3.38090902969353,0.000722464573849614,0.00804381816868782
"EIF4EBP2",2580.62632668208,-0.287677876221223,0.0633667018425018,-4.53989031867633,5.62834986444775e-06,0.000123965177793041
"SURF4",9001.43288897186,-0.145017485864071,0.0458228522727269,-3.1647415791789,0.00155220745785147,0.0152418148986248
"KIF23",1281.17867214941,-0.40073055979752,0.0825882353400304,-4.85215065012155,1.22129792503252e-06,3.21500182499253e-05
"SLC39A1",1541.7271252796,-0.233223307647801,0.075318994596001,-3.09647398904849,0.00195837042607391,0.0183845567043058
"TMPO",2896.16340857542,-0.292871764007832,0.0608292768267182,-4.81465141928489,1.47457058470105e-06,3.810783197747e-05
"BUB3",2347.50982494815,-0.191151614386495,0.0656058070918803,-2.91363863748813,0.00357243171569444,0.0299660416287657
"INSIG1",3079.83557617908,-0.208545332442879,0.0595311287165775,-3.50313083153093,0.000459823552319078,0.00553690209349664
"DNASE1L1",301.294794524482,-0.583349855316988,0.162099388038545,-3.59871719675014,0.000319790710008775,0.00404768343691414
"CSPG4",2516.93766903204,-0.291509685367592,0.0693583411992929,-4.20295065203439,2.63458040413235e-05,0.000492020317737774
"CROT",566.013126340169,-0.498222317032331,0.118803329737202,-4.19367300676186,2.74473561762191e-05,0.000505910486838393
"AES",975.921601463946,-0.269087557785392,0.0905074268284075,-2.97309919434074,0.00294809159172879,0.0256302117026084
"TXNRD1",4402.04636096121,-0.159743520797081,0.054861780722129,-2.91174509274809,0.00359415812827759,0.0301227579624823
"IQGAP3",2168.67210113944,-0.588972238489615,0.0661217195976348,-8.9073944548575,5.22459028847916e-19,1.03425989350733e-16
"RAD23B",7141.31344579057,-0.134942380239931,0.0466928518693431,-2.89000082105779,0.00385240820252659,0.0318024490313663
"EDEM1",1842.91558645012,-0.304318057664251,0.0807574531538792,-3.76829686647484,0.000164365160640174,0.00233748040232247
"EIF5A",4520.52475097878,-0.216995256753693,0.0550970048098986,-3.93842201590436,8.20192426554025e-05,0.00128929090860277
"HMGXB4",806.412023967328,-0.390471272417115,0.10372261483447,-3.76457220096373,0.000166834459016684,0.00235903925049591
"SFPQ",4234.38793032049,-0.150512534924676,0.0531621458969135,-2.83119750689775,0.00463740752342482,0.0371668499326792
"TIMELESS",1281.24630218489,-0.288103686292965,0.0876878478624603,-3.28556000992133,0.00101779859257975,0.0107286160483007
"YBX1",11296.4897942146,-0.269506842897837,0.0504847362448475,-5.33838270622525,9.37793449104911e-08,3.27995744142771e-06
"GALNT2",2591.48350153871,-0.262734017165724,0.0777911326971661,-3.37742886697028,0.000731668745722379,0.00813336295858209
"STT3B",3107.43192701283,-0.194127483126013,0.0603216917110403,-3.21820356192834,0.00128996233586708,0.0130641945929113
"NUSAP1",2095.60389759581,-0.522538288013128,0.0673151307533621,-7.76256812049688,8.32266428135426e-15,1.09836974742459e-12
"RGS10",116.82087689829,-0.699697975915744,0.245259460756939,-2.85288882947178,0.00433237747839889,0.0350915485116139
"SEPHS1",836.553486281449,-0.319232863144425,0.0965631653540081,-3.30594861895933,0.000946554432877176,0.0101726338508342
"SLC26A10",477.842093808232,-0.49776242468203,0.124776698527388,-3.98922579741738,6.62892982664997e-05,0.00106960112435429
"CIT",2245.41110912881,-0.465460237311088,0.0679017736567401,-6.85490543537349,7.13597079810528e-12,5.16233192398645e-10
"CENPA",198.514992121067,-0.941216719658769,0.199389418586956,-4.72049483031265,2.35271588473929e-06,5.8657888733374e-05
"VDAC1",2665.2384513272,-0.224879472906108,0.0624641354300167,-3.60013744459903,0.000318049016691894,0.00403079278772902
"NCLN",763.725944181871,-0.290080095574167,0.105158813332502,-2.75849533083796,0.00580681347225431,0.0441103912113378
"JPT1",2390.04337150542,-0.291417264398031,0.0648137762292102,-4.49622412629455,6.9170824442153e-06,0.000149161834494211
"KMT5A",850.830626848941,-0.751777995838697,0.0993223127602988,-7.56907461119047,3.75892226228539e-14,4.42926339905962e-12
"TUBA1B",25457.8392665883,-0.214359183821752,0.0405394287325588,-5.28767154653049,1.2388316363828e-07,4.1286045578845e-06
"P4HB",10175.8245280259,-0.233941141196586,0.0460189572901976,-5.08358196213231,3.70382641546073e-07,1.12801458031478e-05
"MCM5",765.884096320567,-0.530319081850643,0.100960407647875,-5.25274307231667,1.49850505075691e-07,4.87901414223419e-06
"RPN2",5609.67898665417,-0.260560062385043,0.0495527927423753,-5.25823163468694,1.45447244463984e-07,4.75127665249014e-06
"TBC1D10B",602.649895212475,-0.31199748938259,0.111398366676834,-2.80073665970071,0.00509861069253939,0.0399256713882554
"PXMP2",264.047122887237,-0.637808787062023,0.164836262323186,-3.86934754569661,0.000109126992555435,0.00164655331145381
"CRABP1",1501.72924756209,-0.319428853220869,0.0792719170293882,-4.02953360018338,5.58876274333388e-05,0.000926592523174518
"SUMO3",2394.10540178756,-0.2088878665786,0.0637992913354431,-3.27414085965802,0.00105983765719545,0.0110890836479076
"BLVRB",572.399867260872,-0.32324601267638,0.114512283527623,-2.82280645113854,0.00476053013390389,0.0379691597625953
"TPX2",5320.06451490483,-0.537154789063123,0.0526571603920628,-10.2009828305153,1.96276115968113e-24,6.9383606994728e-22
"RANGAP1",1105.72338381357,-0.495122624240764,0.0997959944573009,-4.96134766664016,7.00057609778867e-07,1.99423476035631e-05
"PDP1",1978.66633978505,-0.260985264762604,0.0681528580917199,-3.82941041755535,0.000128450630656913,0.00188915949813095
"MAP4K4",2834.17688250429,-0.181180708888886,0.0615075023419222,-2.94566844678063,0.00322257625576792,0.027592612266082
"COX5A",749.678256998534,-0.459384663172766,0.102941803430554,-4.46256669170046,8.09837113462436e-06,0.000171643849016085
"HMGB3",2171.18742853274,-0.433990591543095,0.0693963493930026,-6.25379570163463,4.00594981287109e-10,2.17862039823066e-08
"SCG2",8930.91893105163,-0.34813233624232,0.0494165624164144,-7.04485134576426,1.85659608237989e-12,1.53138233528301e-10
"GTF2F1",698.837331818662,-0.542847946089909,0.11518377468349,-4.71288553949188,2.44233398321539e-06,6.05870219695887e-05
"MCM4",4137.3384203603,-0.280330921596146,0.0538905694644071,-5.20185487706332,1.97309275814302e-07,6.23951185945676e-06
"SLC2A4RG",932.521835041638,-0.397484742540315,0.102997878095851,-3.85915467278279,0.000113779911080511,0.00170412747434957
"NCOA4",2433.8809629729,-0.338063158696982,0.0639012253750926,-5.29040181487273,1.2204792783448e-07,4.08118374900568e-06
"LPAR1",3012.96628286477,-0.202801872871129,0.0614626049288393,-3.29959774900414,0.000968235015061414,0.010338284982824
"LGALS1",21455.0581691012,-0.16648124237271,0.0492297086499736,-3.38172308831649,0.000720327169500697,0.00803740777626179
"TMEM201",402.93136288589,-0.403593805475646,0.134638541959962,-2.99760974532584,0.00272105867930453,0.0240473560783537
"UBE2C",1880.36333725324,-0.553155621097724,0.070949784904059,-7.79643830979505,6.36789306253567e-15,8.63416514150385e-13
"TSPAN14",1861.33808487556,-0.404817090713245,0.0699348330141507,-5.78849013096712,7.10219206652565e-09,2.96613911706628e-07
"PTGES3",5009.58847330561,-0.228740720249585,0.0520691671058692,-4.3930166922874,1.11788540422988e-05,0.000230038040146931
"RFWD3",1323.50907003433,-0.369995866486871,0.0798222382476838,-4.63524795356897,3.56509879755624e-06,8.30290538781451e-05
"SAR1A",1605.43129809723,-0.297661175309793,0.0758456457109857,-3.92456511536666,8.6886555939925e-05,0.00135647181497378
"CDCA8",1219.55363471594,-0.619218307213723,0.0863080383809496,-7.17451489837591,7.25640203856395e-13,6.71251096987906e-11
"SRPX",3918.02404002627,-0.202142279273115,0.0552892948548113,-3.65608351135491,0.000256097955292846,0.00336188005502466
"TMCO3",1386.60255081338,-0.279970438506836,0.0793436316512005,-3.52858109315695,0.000417793917299241,0.00509904339510221
"LIG1",459.816561274545,-0.421084744319581,0.126598512167972,-3.32614291517803,0.000880567666874024,0.00954639514427063
"PIMREG",788.037301505595,-0.732086001582419,0.100800604586245,-7.26271439132138,3.79398489813818e-13,3.61085216555497e-11
"RPS2",7426.51165614417,-0.156556494812716,0.0483643804090855,-3.23702058185173,0.00120784700022447,0.0124017319587363
"APLP2",18812.9205339888,-0.20735114773402,0.0443224184003098,-4.67824534891739,2.89340213953438e-06,6.95118795560953e-05
"HSP90AA1",30816.1075625013,-0.149646571093182,0.040526423937434,-3.69256787433826,0.000222001064057937,0.00298555235332264
"H1FX",389.158234656677,-0.666105995773666,0.145127617499572,-4.58979488018969,4.43681794683948e-06,0.0001002639818215
"CRABP2",1389.41807279927,-0.264328369170693,0.0874211968226614,-3.02361874211008,0.00249770988680612,0.0225085751687462
"KIF20A",1766.92862330902,-0.686901419740735,0.074198268999988,-9.25764750308186,2.0898579128904e-20,4.81056130739284e-18
"HMGN1",4480.4221528307,-0.249650198166184,0.0531391104064413,-4.69805000980826,2.62657127257812e-06,6.4192104829576e-05
"KNSTRN",543.034245291527,-0.602632551874338,0.121638464023457,-4.95429267964223,7.25938695327977e-07,2.05295463038752e-05
"NCAPG2",1593.00874636296,-0.438819333094547,0.0756233343775382,-5.8026974968309,6.52564598094881e-09,2.7369001660776e-07
"HELLS",361.046790575044,-0.392350337466483,0.142921968596844,-2.74520664190702,0.00604728064345148,0.0456219388787216
"SRSF3",4679.09891945378,-0.176367678545023,0.053670753660746,-3.28610400479648,0.00101583494725779,0.0107193329509143
"ILF2",4511.7250692523,-0.159545250199582,0.0572123268624819,-2.78865165863769,0.00529279597139904,0.040992249237017
"RANBP1",934.947005236061,-0.359618437628835,0.0946113549171849,-3.80100716181072,0.000144109136272098,0.0020792889662117
"WNT5A",3065.56359202125,-0.32571313697134,0.0585576085985337,-5.5622684185142,2.66290281999863e-08,1.00986253304009e-06
"NONO",10186.8380294103,-0.118533031807991,0.0435691423600147,-2.72057298783952,0.00651688834075828,0.0484629307263903
"CKAP5",7059.79633448655,-0.231768017055619,0.0475636157039058,-4.87280064027147,1.10027238113616e-06,2.93544367344629e-05
"NBPF8",5328.51940236374,-0.147920034325482,0.0499903757120036,-2.95897024614607,0.00308668902353313,0.0266364847035143
"S100A6",15315.9074067553,-0.12344778110111,0.0443570715005902,-2.78304624099153,0.0053851130500953,0.041577105280689
"ANKMY2",607.815376682308,-0.714387260221077,0.113064103617852,-6.31842678057797,2.64239437869261e-10,1.48604656592611e-08
"PDIA6",2841.45708625475,-0.187121005244309,0.0651372855922416,-2.87271727003922,0.00406958137787292,0.0333984861327129
"TNFRSF12A",522.658565816166,-0.415465025267183,0.121782069999857,-3.41154510896119,0.00064595812299849,0.00736600633806343
"NEMP1",1205.87593874666,-1.20862150129556,0.0853237135702269,-14.1651300760695,1.50587830662553e-45,2.9810366957959e-42
"ID1",4872.20754322984,-0.30359429483151,0.0655531701114126,-4.63126793586837,3.63433191954233e-06,8.42450054792272e-05
"PTTG1IP",5238.68281921709,-0.156337789886445,0.0529619803511408,-2.95188716226087,0.00315838323930962,0.0272077261119988
"MELK",636.695404065191,-0.472336623964362,0.112487946803843,-4.19899764717035,2.68099105900687e-05,0.000497522134975426
"MAZ",1195.1225966547,-0.257700062796895,0.0826741347251957,-3.11705787612384,0.00182665707616104,0.0173182487929521
"BRD8",910.863090693903,-0.278850362065594,0.0934438070829534,-2.98415026924201,0.00284367077629139,0.024930605264599
"GPI",5086.86753450957,-0.178227405654335,0.0519293866720688,-3.43211073875822,0.000598902955464434,0.00691708454280859
"NCAPD2",6422.92597361475,-0.5102182908437,0.0483666318728273,-10.5489729403784,5.13553848930208e-26,2.21006782465704e-23
"DSN1",693.934220460965,-0.389567193337603,0.10783044465027,-3.61277554405994,0.000302936918554465,0.00387900338920064
"APH1B",465.741672211936,-0.483682909812697,0.12853719491213,-3.76298012527309,0.000167900549757107,0.00236705512281264
"NDC1",664.562892942099,-0.292279702616295,0.106992826491338,-2.7317691494014,0.00629952633889115,0.0470755917497631
"SERPINE1",2712.50830290572,-1.3212404012857,0.0752926009005897,-17.5480775731224,6.15276095808388e-69,6.09000279631142e-65
"TMEM245",2483.64930679158,-0.363263103412976,0.0648719121624044,-5.59969779376258,2.14725806838806e-08,8.30217201597851e-07
"CD70",381.013489614537,-0.549866883730098,0.137845532493282,-3.98900765069696,6.63502819108442e-05,0.00106960112435429
"TUBG1",1228.43409450787,-0.285686705986338,0.0834409206732181,-3.42382015540289,0.000617474703400124,0.00710670303983073
"HMGN2",6572.61351398483,-0.3326827519245,0.0485695827210573,-6.84961107932816,7.40510312391165e-12,5.27307271370342e-10
"ODC1",6020.83716280492,-0.137700180949724,0.0487811888945821,-2.82281313904216,0.00476043083477269,0.0379691597625953
"LDHB",8917.34088028066,-0.147015105110809,0.0458846039025848,-3.2040181805411,0.00135523918444658,0.0135861918267117
"ADAMTS1",1034.10945247318,-0.310887933748437,0.0896365811443301,-3.46831538842222,0.000523732234611873,0.00616397343423106
"GNB2",1750.57323171298,-0.452528951252036,0.0742536761816937,-6.09436427288432,1.09873208225911e-09,5.46494982422144e-08
"SYNE3",1221.94642433708,-0.321064531133303,0.0829248889651638,-3.87175111284358,0.000108056257712603,0.00163288677685397
"ERGIC1",1987.66596700561,-0.301523161565033,0.0689941249867049,-4.3702729996668,1.24091296409166e-05,0.000252727500382288
"NSUN2",962.827866329996,-0.333760646128718,0.0908259529164702,-3.67472771175511,0.000238103206140985,0.00315494716784936
"PPIH",432.184257076392,-0.357994320770405,0.129294175092802,-2.76883564563872,0.00562570061706284,0.0430984401762291
"RACGAP1",2985.99781585852,-0.499132522726623,0.0592964093496092,-8.41758427198784,3.84326805867936e-17,6.79297629371576e-15
"RRM1",3117.0164091005,-0.303225138550002,0.0613011595106237,-4.94648292088916,7.55663543343983e-07,2.13092813447827e-05
"RPL8",13584.645356251,-0.26738699317524,0.0951028836395526,-2.81155505429948,0.00493026525348591,0.0388533164641748
"STT3A",4826.59272708148,-0.147058922306017,0.0529101146131873,-2.77941039026522,0.00544576763844386,0.0419472436461613
"PCNA",1458.48442723119,-0.330196957745996,0.0797590299372007,-4.13993196765283,3.4740883632023e-05,0.000621817841211146
"RCC1",521.396880234118,-0.399458089006876,0.118836486048381,-3.36140946513892,0.000775457737916036,0.00855683465985833
"ELF4",928.440023798816,-0.264722984426162,0.095871461110741,-2.7612282253671,0.00575844206969185,0.0438629886505667
"COL5A1",12223.1385898744,-0.238639688563968,0.0507225883337342,-4.70480108376597,2.54113593602103e-06,6.27235997374965e-05
"GINS1",887.35050621542,-0.309123831250423,0.0959221922390112,-3.2226518601678,0.00127009819903796,0.0128937763836695
"NT5C3B",598.583260426709,-0.799971654748598,0.117781263900345,-6.79201112517739,1.10581018899584e-11,7.70796426104286e-10
"HOMER2",237.248567954695,-0.624223517659488,0.183413607060741,-3.4033653645597,0.000665612082419381,0.00751223305790996
"RAD23A",1706.94384763075,-0.293477951562003,0.0767169107710691,-3.82546623179042,0.000130524825903229,0.00191114604554757
"SEPT9",8230.6615608593,-0.159041201270679,0.0565476297750999,-2.8125175520745,0.00491553406984195,0.0388018463442889
"AARS",4259.89814965788,-0.171771400120837,0.058162862534724,-2.95328311976199,0.0031441345402843,0.0271085746339146
"RAPGEF2",737.68611237735,-0.49232438241082,0.102865353213531,-4.78610501039003,1.70049108648127e-06,4.32685366940658e-05
"IRAK1",1426.46543682387,-0.276279978908348,0.0775314595900058,-3.56345643909382,0.000366003455183528,0.00453972706692552
"TOMM20",3319.41748738255,-0.432147770308318,0.0592753789069098,-7.29051046619193,3.08782817038913e-13,2.99640423828546e-11
"UBE2I",1898.20696345991,-0.368869488489315,0.0752414270329362,-4.90247863491273,9.46349104560561e-07,2.59472671383392e-05
"SAMD5",571.880668585325,-0.34737699059684,0.114493381878365,-3.034035547713,0.00241305994932758,0.0218922707410123
"TAGLN2",3850.40334991792,-0.297039745811025,0.0558053566520521,-5.32278196272583,1.02192207229268e-07,3.4999946960391e-06
"MTHFD1",1515.88619396336,-0.221787131395301,0.0763468044421272,-2.9049956054601,0.003672582566023,0.0305472455785678
"LDLR",11620.4793838639,-0.303238881322133,0.0426493404522428,-7.11004855190409,1.16002139409912e-12,9.81358269982314e-11
"CYB5R2",79.7640640014662,-0.807749045951738,0.29569999206001,-2.73165055002034,0.0063017942077628,0.0470755917497631
"POMK",598.955628317316,-0.793071462497655,0.112610151297934,-7.04262851400861,1.88646700801085e-12,1.54316119382574e-10
"HNRNPAB",1072.82266600349,-0.355104402854496,0.0956813919298325,-3.71132145647411,0.00020618007127663,0.00279175149862665
"RBM8A",1591.82939370801,-0.241983579466212,0.0739779705549435,-3.27102213876617,0.00107159521174174,0.0111818356659141
"ADAM12",1737.04271649674,-0.382757990077139,0.0724396660303051,-5.28381770723532,1.26519150458653e-07,4.20230386322064e-06
"NECAP1",612.913565372423,-0.384075011117052,0.111592401867054,-3.44176668564426,0.00057792848389328,0.00670613849188239
"SUN2",480.866058340553,-0.446105334197391,0.130867668062167,-3.40882771736619,0.000652426685845901,0.00742266590402613
"COTL1",2959.46593836808,-0.308375883469493,0.0614056862605597,-5.02194344284301,5.1151247068455e-07,1.49349570349135e-05
"THY1",1037.86993130663,-0.431071048577465,0.0968304072764102,-4.45181488648435,8.51475553810209e-06,0.000179599623288675
"YWHAG",5706.18081541611,-0.266914967334017,0.051776565537533,-5.15513079253063,2.5345395890454e-07,7.96408661980042e-06
"POLE",1849.11415770887,-0.239738961089067,0.0703162593246939,-3.4094384910614,0.000650967554839189,0.00741458786858262
"RAB11FIP4",370.434393307466,-0.635860205131936,0.149951815730869,-4.2404301810734,2.23091820808866e-05,0.000420602446164982
"USP13",1304.98691075824,-0.27992734715801,0.0820447432014163,-3.41188644433685,0.00064514982790387,0.0073652745058737
"FAM83D",702.271010291744,-0.528407597238184,0.107165433612151,-4.93076526103164,8.19081110816541e-07,2.2837365732006e-05
"CENPI",345.197236476642,-0.472025861488369,0.144653164734151,-3.26315613181277,0.00110178801868221,0.0114674004299858
"KREMEN1",607.703233901002,-0.351356910666454,0.112065678865251,-3.13527668974306,0.00171692089986394,0.0164991097736439
"DCAF11",629.206531855313,-0.316162862983977,0.112572342502997,-2.80853054981563,0.00497681602378003,0.0391190500233191
"TMEM41B",437.560324438034,-0.591806038846132,0.131978692220059,-4.4841029176086,7.3221318222194e-06,0.000156532312691852
"MYH9",6164.44305572174,-0.265381421269917,0.0532912504274648,-4.97983100680157,6.36398193421493e-07,1.83112480188545e-05
"CCT5",3559.63499681135,-0.203026030142739,0.0585562406388031,-3.46719714120788,0.00052591602093772,0.00618232396109448
"NUP205",2603.89051391751,-0.178340766640427,0.0630305299106807,-2.82943467067705,0.00466303190372874,0.0373386451813601
"HNRNPD",2549.2346951869,-0.198413071577859,0.0676462783470864,-2.93309663777542,0.00335599415474635,0.0285374829413053
"RPL7A",12320.0482122914,-0.145721414913854,0.0443192026437682,-3.28799721613096,0.00100902837238087,0.0107045689494382
"BICD2",1453.28927903751,-0.237130229143141,0.0776036920108793,-3.05565654157147,0.00224568339632143,0.0206386019097395
"CCND1",6983.92500468768,-0.469655318788483,0.0473990712859045,-9.9085341979717,3.82212330923733e-23,1.14640534893428e-20
"MAD2L2",909.510659215476,-0.352451984889781,0.0995834954923472,-3.53926103062798,0.000401248875489759,0.00491529872474954
"TROAP",550.609161094953,-0.543517509065977,0.118664045301152,-4.580304907747,4.64298541325802e-06,0.000104683985467945
"DPP9",1563.48029954158,-0.260242320653138,0.0770575141668971,-3.37724780596328,0.000732150575479555,0.00813336295858209
"SHCBP1",1333.08022135132,-0.562303415021931,0.0799262406329261,-7.03527915949905,1.9886245291508e-12,1.61339390078152e-10
"ATP1B3",1947.30105664102,-0.267758840108138,0.0691260451969663,-3.87348703871589,0.000107289115172783,0.00162625981926525
"TK1",1483.48292322564,-0.549086602474753,0.0813521630545605,-6.74950218725589,1.48353273769114e-11,1.02685363899769e-09
"DNAJB11",801.078019998623,-0.483938454680476,0.0984350226432242,-4.91632390266726,8.81844487451364e-07,2.43812758010994e-05
"DNMT1",4064.40267104778,-0.262274164994133,0.0552155435369426,-4.75000603441773,2.03410578571138e-06,5.12304810864409e-05
"EIF4H",4858.840066533,-0.156661769634073,0.0521808465414198,-3.00228493820465,0.00267961233822611,0.0237234373200018
"DCBLD2",9480.4123780168,-0.428800920851135,0.0455870094082766,-9.40620861988995,5.1435617867431e-21,1.24173108695569e-18
"CHAF1A",357.870062090229,-0.623422413920272,0.142895588377151,-4.36278279127025,1.28418428298686e-05,0.000259791467069445
"VBP1",1448.28612750101,-0.260137010943972,0.0833605800724172,-3.12062380945508,0.00180468416744579,0.0171592352443597
"CCNF",749.580298606115,-0.472220860305676,0.109537521938177,-4.31104202423164,1.62487018337046e-05,0.000318655439327893
"HNRNPA2B1",9696.11458946174,-0.157019961315529,0.046636040161519,-3.36692310864532,0.000760118789366923,0.00841572234580962
"ILF3",3878.28654492073,-0.315548214336721,0.0594508727846876,-5.30771374004109,1.1100879756535e-07,3.77582501134652e-06
"ADAMTS12",691.933033598514,-0.439353623671012,0.106854943726638,-4.11168270131693,3.92785869589834e-05,0.00068567804888892
"B3GAT3",253.388460567249,-1.31104353982185,0.173880118004453,-7.53992782422815,4.70231642111083e-14,5.47570916895941e-12
"MKI67",6059.88932224679,-0.444796795429454,0.049676153781059,-8.95392983502379,3.43046913247829e-19,7.22442201558938e-17
"CAD",2709.27227647103,-0.191722439204619,0.0617227778371608,-3.10618617506859,0.00189517353887003,0.0178821998929796
"PTBP1",4495.73518598829,-0.20714580703298,0.0577257919576393,-3.58844461042629,0.000332656647048293,0.00417847143716245
"TSC22D2",892.31639595739,-0.258253782861849,0.0951688599464243,-2.71363745459632,0.0066548953215655,0.0492303093369622
"FLNC",2247.46124670483,-0.327252703731574,0.0672572726185676,-4.86568501799804,1.14061050151204e-06,3.03488245805542e-05
"PRKDC",19009.7114106997,-0.128797435849989,0.04412215339893,-2.91911037717194,0.00351031906007592,0.0295451854223056
"ALDH3A2",4141.81769591298,-0.156014732248553,0.0536706047411272,-2.90689350345628,0.00365037450964849,0.0304392644452407
"HYOU1",2081.75397500311,-0.282407364062445,0.069025155772295,-4.09136873220641,4.28834657193658e-05,0.000740768837155817
"IL6R",548.339503136019,-1.26321776843108,0.125742952712988,-10.0460323316441,9.56409493393307e-24,2.99180753639691e-21
"FUNDC2",1025.83301888208,-0.258042364872226,0.0902039874605906,-2.86065363778916,0.00422768652109636,0.034412533869911
"TIAM1",2645.10596369571,-0.203016324101323,0.0631961962743367,-3.21247695383473,0.00131595705999298,0.0132506032348022
"PHGDH",655.982013814468,-0.508297212541087,0.109610778575895,-4.63729223663108,3.53003147470741e-06,8.24062536241839e-05
"IDH1",2096.71459977989,-0.241207670697427,0.0696663467618103,-3.46232696142541,0.000535526149669327,0.00628037657515047
"CDCA5",744.40372681105,-0.503599048139482,0.104256328917806,-4.83039306454491,1.36263782066826e-06,3.56809236745355e-05
"HNRNPA1",5425.24937002065,-0.200760143057834,0.0531968357221261,-3.77391136770814,0.000160707876194505,0.00228875763823484
"EVA1A",109.976399968442,-0.742530591511197,0.257465004323256,-2.88400589999767,0.00392651396746983,0.0323602291840269
"ARL6IP1",6030.49892660606,-0.725191033628162,0.0538650476032874,-13.4631094911332,2.57833175413026e-41,4.25338795039689e-38
"RAB3GAP1",1592.35897658092,-0.457577313004373,0.0750138308742967,-6.09990594629344,1.0613089502822e-09,5.30547272216827e-08
"CALCOCO2",1244.26263867205,-0.696979403148897,0.0841640189478145,-8.28120391424103,1.21936184199062e-16,2.04563449356325e-14
"YAP1",3522.31944813161,-0.678502541646882,0.0588861191184759,-11.5222832104416,1.01875167324822e-30,7.20257432986492e-28
"TCP1",3380.80857396969,-0.178887198312829,0.0570537748866554,-3.13541389098637,0.00171611800990622,0.0164991097736439
"CCDC85B",293.730742227658,-0.504045715566986,0.156423371099897,-3.22231717692036,0.00127158286530283,0.0128956221319338
"TGFBR1",827.728317457012,-0.742156343700446,0.10713545991544,-6.92727080544774,4.29036827619501e-12,3.19293723291566e-10
"PRKAR2A",1585.99974307737,-0.239109289077858,0.0754680432251208,-3.16835151488685,0.00153306037689851,0.0150973919115026
"S100A11",3794.11353068162,-0.462645805401246,0.0554313566180695,-8.34628328851747,7.04447210744292e-17,1.20217560205983e-14
"RPL24",6675.63948632365,-0.135780673397594,0.0497251593660181,-2.73062319213773,0.00632147022018312,0.0471869624731317
"SLC25A5",2615.37923197183,-0.203369851959054,0.0625622200682049,-3.25068150934129,0.00115128751513009,0.0118950353076802
"EZH2",808.765710436077,-0.36596257751417,0.0998198512810064,-3.66623044231889,0.000246152126701459,0.00324956739399561
"CAPZB",2797.13162566772,-0.194841086763203,0.0665394021677695,-2.92820615177665,0.00340923917983673,0.0289157235664301
"AURKA",1784.79785331172,-0.580226439504525,0.0710762279961503,-8.16343882987083,3.2561888394518e-16,5.03589955201467e-14
"CENPH",256.482176768967,-0.517778967975229,0.167235070123099,-3.09611475388566,0.00196074464022703,0.0183845567043058
"KIF18B",702.760176401527,-0.44129313465004,0.109773017038294,-4.02005107043834,5.81855266696293e-05,0.000958270121424277
"CCNA2",909.970324000433,-0.600055088933391,0.0964404359986388,-6.22202795663285,4.90769557920123e-10,2.57017835147798e-08
"LRRC59",2183.25737108033,-0.202527171824005,0.0660180273639555,-3.06775557996422,0.00215672943219004,0.0199881160297912
"PCLAF",781.608032468003,-0.347454833344634,0.108313417838627,-3.20786510367809,0.00133724205293701,0.0134512417072871
"BANF1",2882.16453081378,-0.218794124729048,0.060335843272558,-3.62627109959629,0.000287543475732733,0.00372526874712381
"S100A16",1965.07691682542,-0.562078151541265,0.0724269166888547,-7.76062515481568,8.45117581874909e-15,1.10065445071024e-12
"AP2M1",8888.78115985044,-0.156099364388891,0.0457198249478425,-3.41425988763016,0.00063955538383432,0.00732675832082419
"R3HDM4",331.475475436191,-0.497963636688324,0.154850723139402,-3.21576565218904,0.00130097022564738,0.0131397992790385
"CTNNB1",6715.36951217175,-0.178109446619277,0.0478546228727115,-3.72188591043817,0.000197740369218494,0.0026949659628621
"NCAPD3",2339.84867162383,-0.392187780846496,0.0652241331591822,-6.01292438627502,1.82206038519695e-09,8.58797794889497e-08
"B4GALT5",2418.33069827037,-0.178399574707262,0.0632887009051534,-2.81882187745673,0.00482002574695878,0.0383509765622171
"SPC24",352.612349003633,-0.590427555701916,0.145123791688668,-4.06844080375568,4.73287813918916e-05,0.00080215801064545
"CDCA3",618.267210097912,-0.724065484670856,0.11087338861484,-6.53056151450521,6.55235688899776e-11,4.05345178045624e-09
"ZNF395",5267.37443206283,-0.201928345510577,0.0506448082513976,-3.98714799171946,6.68723156000614e-05,0.00107626370700717
"RPL35",7736.93350415675,-0.257525605289258,0.0461170387118328,-5.58417479705135,2.34812448617111e-08,9.00842486981458e-07
"SLC4A8",503.27850738953,-0.4019228451519,0.125396562837336,-3.20521421048256,0.00134961998229201,0.0135482135747731
"IER5L",729.280027409049,-0.301860663699783,0.10859547051682,-2.77968005721775,0.005441247871051,0.0419450712053449
"TKT",11129.1542863933,-0.151543995620082,0.048021047787781,-3.15578277862239,0.00160068020923063,0.0156626768281134
"MRPL14",212.454865161229,-0.560609357638285,0.188303583045939,-2.97715714470243,0.00290934845939773,0.025384634960522
"TSC1",2426.28335288246,-0.270976990903634,0.0660438394407011,-4.1029866403654,4.07850808745015e-05,0.000706989020132778
"EPAS1",428.05103680365,-0.64745986029987,0.136458082538428,-4.74475273472745,2.08761184214909e-06,5.23118531989663e-05
"ITPRIPL2",2397.3623779881,-0.246529771228382,0.0645462625164083,-3.81942751783206,0.000133761756778919,0.00194702039499668
"RAB12",206.286911002529,-0.827870253080559,0.186902078179311,-4.42943310820928,9.44811116968537e-06,0.000196878746015886
"CCKAR",341.077168668614,-0.592849503636176,0.145631036847678,-4.07090079469985,4.68316916430518e-05,0.000797831469678015
"CDK2",1641.66037104873,-0.449937706690168,0.0760578398955895,-5.9157308083931,3.3040521556664e-09,1.45348925496827e-07
"SNAI1",1188.43864212278,-0.620749675012664,0.0839308279403928,-7.39596749186744,1.40382349799855e-13,1.52692802013073e-11
"ANO6",1827.76470724502,-0.327717978324889,0.0740906952435847,-4.42320020412097,9.72495459651893e-06,0.000201797904814139
"H2AFV",2857.03230426822,-0.248221791988334,0.059877283040387,-4.14550860333641,3.39060268960781e-05,0.000611296637918726
"ZWINT",1004.13365024628,-0.421452358316343,0.0894164445219388,-4.71336520446121,2.43658928934644e-06,6.05870219695887e-05
"TWF2",966.529703317001,-0.344971660255735,0.0909352163783823,-3.79359805798784,0.000148479955925055,0.0021330255497042
"UBE2T",753.552848132519,-0.502801063584266,0.102627839913494,-4.899265774356,9.61954498222294e-07,2.63022807276361e-05
"MPRIP",5842.15717861723,-0.156788197865296,0.0489378147390341,-3.20382507272515,0.00135614846684089,0.0135861918267117
"ARPC5L",469.533493274601,-0.442813426982362,0.124660936749766,-3.55214262404613,0.00038210768401992,0.00470996495196659
"TYMS",322.887019256642,-0.482434938359321,0.150090549460787,-3.21429257266702,0.00130766357096119,0.0131939388637858
"TMEM97",846.479263674177,-0.326285653219063,0.0981816154466606,-3.3232866635437,0.00088963441143965,0.00963413720397117
"TNFRSF10B",2313.54634097251,-0.245819374792387,0.0643144149107469,-3.82215052618493,0.000132292890251744,0.00192847574037078
"SPAG5",2083.18033523195,-0.445843135350337,0.0673324847464653,-6.62151615270283,3.55533163001152e-11,2.25581233806756e-09
"DKC1",1480.71251185309,-0.251790698251332,0.0769350671722205,-3.27276894017255,0.00106499500285922,0.0111312782875402
"SAPCD2",290.607805179872,-0.765267673101227,0.166484505483961,-4.59663000395525,4.29379105949622e-06,9.74769355662696e-05
"TUBB4B",5835.41924573489,-0.503083581560151,0.0534192261882001,-9.41765011323355,4.61295958369717e-21,1.14147684898586e-18
"UBE2S",574.497077025494,-0.532369666618788,0.115248694544417,-4.6193119039072,3.85014726554575e-06,8.88316028773237e-05
"CKS1B",1776.98090614226,-0.377817125134185,0.072561647873319,-5.20684323203069,1.92080234795676e-07,6.09362232053719e-06
"AKIRIN1",1181.72768586001,-0.273286734165594,0.0840364269311548,-3.25200325793812,0.00114594708323061,0.0118646278554566
"ESPL1",901.105143576583,-0.592390490400906,0.0948029654413591,-6.24864937128293,4.14017164627284e-10,2.23931251119173e-08
"SMARCE1",3127.96852644548,-0.179873743164819,0.0593961069372119,-3.02837597344495,0.0024587197988119,0.0222250306562924
"PDZRN3",1592.27926793275,-0.225822432052344,0.0765492926298035,-2.95002637247654,0.00317746805692673,0.0273008496766153
"UBE3C",3962.04961296108,-0.178334299848689,0.0563437713769895,-3.16511116473684,0.00155023710725851,0.0152375838010375
"LAMP1",1346.77553979605,-0.812845968106912,0.0829616826777567,-9.79784813748538,1.15009578756968e-22,3.25247088724704e-20
"WDR62",349.847767107772,-0.496023404871501,0.143792360175079,-3.44958107835181,0.00056145709956988,0.0065380027900502
"CDKN3",369.045716792942,-0.588776245392721,0.14018004343417,-4.20014312286341,2.66746309006586e-05,0.000496565567560923
"SH3PXD2A",1428.69715616392,-0.247486184733945,0.0769589735171868,-3.21581972086302,0.00130072515228471,0.0131397992790385
"HRH1",849.668326300951,-0.381988645163116,0.0993919247848333,-3.84325634089547,0.000121412536312271,0.00180171107109274
"CSF1",5092.70620303139,-0.19476136382853,0.0533525717692677,-3.65045877583575,0.000261772322805048,0.00343181781605877
"DAZAP1",878.29345481548,-0.317869329082359,0.0987783087468234,-3.21800740582715,0.00129084484864289,0.0130641945929113
"DHCR24",7444.23873911694,-0.128819277267559,0.0468739651065343,-2.74820525583404,0.00599224837287023,0.0452757819806638
"RPL7",5527.15985343459,-0.171836064769758,0.0501052709739029,-3.42950075769989,0.00060469274479725,0.00696769358324002
"TEX261",1489.50184239798,-0.278183238528156,0.0780372801398266,-3.56474800287388,0.000364205938421503,0.00452309959660732
"SLC25A22",521.881937626809,-0.497361253935742,0.12223631562174,-4.06885017276556,4.72457147704093e-05,0.000802123644592644
"PBK",1321.13029909242,-0.534041014783128,0.0823939644134643,-6.48155503360945,9.07820423640077e-11,5.44582215344817e-09
"STIP1",6864.95351462608,-0.167236209761674,0.0522416186133643,-3.20120651313227,0.00136853410095409,0.0136964110528246
"SPSB1",188.442598956656,-0.58986591032732,0.193291799116982,-3.0516861709706,0.00227559882806201,0.0208656941350688
"COL5A3",170.99535443133,-0.565941174758047,0.204392435403657,-2.76889491355373,0.0056246773819602,0.0430984401762291
"MRPL9",735.484619543996,-0.324344428604304,0.10703538586308,-3.03025420975458,0.00244347980156679,0.022107461678161
"SNX8",521.081604905876,-0.475567776128018,0.120631042469868,-3.94233330319441,8.0692732320114e-05,0.00127587326598161
"INCENP",915.289748361738,-0.324523987941906,0.094027170503807,-3.4513852347473,0.000557716890502515,0.00650209868338503
"MAD2L1",798.175255063265,-0.287529682569429,0.100209186824265,-2.86929463935941,0.00411388379886688,0.0336244606450738
"RPS19",4144.36764278488,-0.185104742642334,0.0583326932764072,-3.1732589778638,0.00150737999989743,0.0149051420968878
"LAMP2",7382.54179519315,-0.192460015613084,0.0497724694852493,-3.86679659666318,0.000110274328170629,0.00166133226823879
"GABARAP",3436.21372543601,-0.165793735612965,0.0568829687460441,-2.91464632152299,0.00356091838320286,0.0298948008116555
"MCM6",1609.92844807661,-0.256544087336471,0.0744274906570936,-3.44689959410878,0.000567059285936237,0.00659547921527247
"AURKB",657.073919488451,-1.14395068105028,0.115565221287128,-9.89874521338973,4.21530483107123e-23,1.22714962405715e-20
"HNRNPC",8093.12995402851,-0.152720818455981,0.0458646192814964,-3.32981764262882,0.000869028786976434,0.00944198346157271
"FAM20B",1381.68727783428,-0.491430851432323,0.079083584124327,-6.21406903687808,5.16298265803396e-10,2.68348571271211e-08
