"","x"
"DPY19L3",0.759387395342831
"GRPEL1",-0.938272565362148
"SHC1",0.976604748687976
"ZNF408",-2.26747632843145
"DNAH12",-1.77697963584767
"TRAIP",-2.2589048675769
"MCM5",-1.54878676122786
"CEMIP2",-1.10212781319465
"TBC1D2B",1.10191729683343
"TIMM10",-1.07941928143525
"ZC3H3",-0.97847032011366
"C8orf82",1.03073701843285
"RAB40B",1.28049516112568
"ING3",-2.21083481050939
"SLIT2",0.914052174756345
"GBE1",0.89178035290628
"WDFY1",0.676646961469934
"SLC4A7",-0.801363476171611
"SSBP2",1.92360625612059
"NUDT12",1.77882964250718
"HEXIM1",0.760184306698416
"NSMCE2",-1.17969127787525
"HAUS8",-2.07450675986843
"PTPRD",2.51613710310566
"PODN",1.90281403240052
"PCDHB13",1.5883390182254
"CYS1",2.7021584793165
"B4GAT1",1.02810227758509
"NRDC",0.898915632772411
"NDUFAF5",-1.08881144589071
"PRKAB1",-0.982177783850584
"KLC2",-0.846529745873346
"GTF2I",0.968092074593424
"FKBP7",1.71830944665317
"STX1A",-1.8549381100971
"GTF2F1",-1.40090101144057
"GNPTG",1.02159200064693
"PLSCR4",3.28527122871252
"CARD10",-1.76071858735668
"GCN1",-0.756680499933724
"PLTP",1.31156071445466
"DPAGT1",0.93531460888029
"JAM3",1.38846808739291
"TMEM106B",1.37775429747081
"KDM6A",-0.730621047279918
"LIPG",2.11330115856695
"ADD3",1.50390211936534
"C1R",1.76086896291588
"ABCG2",-2.83219238131944
"LDHA",0.945399913689029
"BHLHE41",-3.26192410032207
"CDKN2AIP",-2.03244051955773
"NR1D2",-2.24270259638789
"CEBPA",-2.74532368776389
"PLCD3",1.19949312099117
"SFSWAP",-0.8400657624574
"ZW10",-0.812558629099936
"HMGCR",0.81455201892213
"KBTBD3",1.43853603191175
"ZNF773",-1.41709218566571
"CENPN",-1.77803402871869
"EPHA2",-1.82360081205299
"CAVIN4",-1.48821119710091
"PLEKHF1",-1.2358401725781
"ZMYND19",-0.996251175556196
"GSR",1.25584227237412
"INTS10",1.18455592270069
"BTN3A1",1.53944937348444
"XPO6",-1.26520846175908
"BAHCC1",-1.07168381378743
"ZC3H14",-0.719470230085141
"HSD17B4",1.04387848040147
"WDR77",-0.845737143288626
"OGT",0.927799932990833
"IFT122",1.35341076253295
"COL6A1",1.1726059105136
"ZSWIM8",-1.18174356807274
"NEURL4",-1.84965616178569
"BRIX1",-1.54394044546044
"SSC5D",2.02699298438293
"ZNF646",-1.17668312745723
"SERPINF1",1.41251145253298
"SLC7A11",0.974501287556247
"TFE3",-0.735718682423978
"PSMG1",-1.22001517212274
"ALKBH5",0.659445447776531
"GOLM1",1.17075208598173
"GTF3C5",-0.928956465001927
"ASS1",1.84679529704188
"MED27",-1.37665565600338
"MCM3",-1.20345058580159
"LDLRAD4",-2.13160445240462
"TMEM205",-1.05089336902786
"KCTD5",-0.951362995999393
"EEF2K",1.73899226431469
"SRF",-1.42419646617229
"ZMAT1",1.73404237133849
"BCLAF1",-0.832960768463211
"CNTNAP3B",1.07058550162053
"CLTA",-0.900417777460891
"NKX3-1",-0.91613172859627
"POSTN",1.28858813819999
"SLC25A44",-0.743940359261517
"CLN6",-1.43887405849168
"RASAL2",-0.894956006503961
"STXBP5L",-2.16452068452568
"CIART",-2.2764527544729
"ATP9A",1.84978250237463
"SPTSSA",0.821138886395602
"FOSL1",-2.47061163149505
"HNRNPM",-1.04742806404612
"SERPINI1",1.81052468828041
"ACVR2A",0.969295728205086
"SMAD9",2.04852586834424
"BUB1B",-1.43613404089533
"PLD2",1.00783492402826
"GAA",1.21869945591856
"CDC25B",1.72859049655513
"B4GALT1",1.20141050299825
"NPAS3",1.09103942259849
"ITFG1",0.785610518265825
"MAGED2",0.813080168685248
"FMNL3",0.720883448919629
"KDM7A",-1.33381274501632
"NXPE3",1.26710214070559
"SHROOM3",1.14544213969601
"CRYZ",1.37204425391363
"NCOA4",-0.929954598105987
"PPM1G",-1.25999853808779
"SLC2A8",-1.11362183980374
"AP3S1",1.26899052442351
"EME1",-1.49341578144543
"ZNF689",-1.13999570102223
"DEDD2",-1.16887923765833
"SCRG1",2.3705207077373
"NLGN1",1.39886860582832
"PCDHGA12",1.55426059826232
"GLCE",1.60876475080631
"RAB27A",1.05142627287823
"CCDC86",-1.54766116266721
"ZC3H7B",-1.42847458761411
"CBLL1",-1.3615491040412
"KLF5",-2.17249929928908
"ATG4B",-0.9450635478092
"SALL2",1.23272925369464
"ABCA5",0.795995831456666
"AVL9",-1.00860557155482
"ABHD15",1.03104651107737
"ZBTB21",-1.38867940585393
"SRRM1",-1.31204041875345
"HAT1",-0.774083307503888
"LONRF1",0.726000601076247
"CALU",1.47325533013185
"VRK1",-1.42150953366192
"NICN1",1.24373965934607
"ITPRIP",-1.01965894005189
"MED15",-0.860341681542112
"ARHGEF2",-1.01484402671263
"BRAF",-0.669885850814049
"NOTCH3",-0.840379530261391
"GSTK1",1.28049956344427
"RALGDS",1.16727923441404
"TMEM200C",-0.864528192899867
"PMP22",1.78945560045179
"MRPL58",-1.27190062767193
"PPM1M",1.01959457025523
"OSGIN2",-1.97156690485636
"LDOC1",1.43191341379004
"ECT2",-1.19902373814728
"ILF3",-0.845091015512323
"MTOR",-1.26057243817261
"PLEKHH2",1.41597827105482
"ECM1",1.2516023203876
"PRMT3",-0.905938632638186
"EPC2",-0.787839727085617
"CBX7",1.28021285133175
"L3HYPDH",1.19105502878302
"SRBD1",-1.33488936768576
"RSU1",0.81815199444262
"CBFB",1.1617151225409
"ANKRD28",1.08061602642027
"CSF1",-0.748565026784442
"SEL1L",0.838218996312016
"ZNF829",-0.875761189169421
"BBS4",0.994345531222157
"GEN1",-1.15842166962607
"HIST1H2BF",-1.32767988294159
"KLF7",-0.807928311892335
"RNF111",-0.93315524475306
"NHSL2",1.22190916294597
"HIST1H3F",-2.50304657866044
"CENPH",-1.55307874630442
"ZNF430",-1.0057216811367
"TCTN2",1.18756888360886
"VAMP3",0.812959980009015
"SLC9A8",-1.49829024839937
"MAP9",0.87365430554088
"APLP2",1.29735387766018
"CBLB",1.52389611675139
"MMP11",2.90980402252298
"FXR2",-1.47333169258595
"ITGB4",1.69821074312341
"MMGT1",0.991075247701301
"RSRP1",0.761843387995903
"RHOJ",1.67543799078381
"ODF2L",0.873803615599651
"TPP1",1.22278399668244
"UBXN1",-1.21120611508878
"PAPOLG",-0.809851887425908
"TNFRSF12A",-3.36944146096224
"HPS3",0.924958291824594
"THOC6",-1.47309266818229
"KDM6B",-2.51450429515336
"DACT3",1.31265455584742
"POLI",0.943928014328944
"GAS2L3",-0.853222736130944
"GPR155",1.78906194523937
"PWWP2B",-2.0360242971068
"BTN3A3",1.80119012921743
"SF3A2",-0.928833622804396
"CEP57",-0.791160519136684
"UBA2",-0.961560631179154
"CELSR3",-1.83648615202109
"TUBA1A",1.58881862544924
"USP19",-1.03473337383086
"PRSS12",1.01080183379542
"SARS",-0.985338137352027
"RBL2",1.1550036474111
"SMC1A",-0.776451411645504
"SSH3",0.906935932685155
"FUT10",1.43250564172502
"TIMM17A",-0.939912230513863
"PNP",-1.48538604479064
"FREM2",1.8781844677092
"PIGM",0.901770783205523
"ERMP1",1.10548271074068
"PPP4R1",-0.645075302090208
"MEIS3",1.55982774705404
"NOVA2",2.25541645437763
"PPT1",1.33178332214483
"MSMO1",1.11255725823382
"PSMD2",-0.677737517489307
"DDX47",-0.671387406367455
"ACCS",2.06176890194751
"PTPN18",1.41869615841598
"SDC2",1.48747180756654
"BLM",-1.70796142939594
"HEMK1",1.06631719199526
"MOSPD3",1.52887774526125
"KCNJ14",-1.85467233151247
"HRH1",0.766777970584034
"VGF",-4.33483559115749
"ALDH7A1",1.11193804319195
"STMP1",1.29018822280345
"TMPPE",1.43636463265066
"SGCB",0.89080984875038
"ESYT2",0.713169398991982
"PLOD1",1.5240402273454
"ZCCHC24",1.78981623016602
"ZNF704",2.35738669813619
"RAB30",1.01277131094735
"MLC1",1.74270161687763
"ARPC5L",-1.93991542063824
"SNORC",-1.87073812066083
"HOXD8",1.64211975821636
"CCDC130",-1.52449890343739
"DRAP1",-1.40522475278399
"TROAP",-1.09262069680632
"ZNF317",-1.75845094851625
"MFN2",-0.690103023756274
"PCYOX1",1.84889462192809
"NOCT",-2.7681684559136
"KCNT2",-1.75596865670436
"SMC2",-0.93274198280169
"SPARC",1.64683518116186
"EHD2",1.46819549175253
"CD82",-1.29910565329991
"ACBD4",1.30949303213906
"BCKDHB",1.44983476604254
"FOXO3",0.870486015948225
"ISPD",1.46115687168886
"EMC10",1.47817102172013
"KIF5A",1.00425830385501
"ATP1B2",1.89634822078359
"SPINDOC",-1.56148217033469
"SPACA9",1.3123692404411
"KIAA1109",1.13912988762461
"MYH3",-2.09695573467355
"ALDOA",1.08940438108089
"NUMBL",0.942567793145778
"CBX1",0.703077123840287
"ESF1",-1.21737573456363
"REPIN1",-0.798541191330187
"TMEM154",1.9924194359447
"HIST1H2BK",-0.977064913959294
"HEXA",1.07457320956026
"HELQ",-0.915807772134166
"PIGN",1.26588951382169
"TMEM43",0.808305870679657
"CLDN1",-2.63808225177728
"PCDHB14",1.15996494792024
"IER5",-1.27721249866873
"GET4",-1.47236163980246
"PTPN1",-0.855155219856582
"PLXNA2",0.95004676985721
"STK16",-1.79200984846221
"APOBEC3B",-2.95338335673019
"SLC39A13",0.836639259418281
"ZNF273",-1.06168966160892
"TCOF1",-1.00834388658467
"SEC24D",0.904463048000898
"CEP95",-0.885358881847098
"DHX29",-1.10836188701186
"EIF3D",-1.10465132647643
"GLCCI1",1.33522018869624
"FSCN1",0.686798804782982
"PCSK7",-1.35787305089614
"ZNF865",-1.20566100369964
"IL6ST",-0.769535843525268
"NUP210L",-1.74524677469658
"TTYH2",1.46153933446479
"DSC2",1.36565872960809
"TIMM23B",-1.54968890779707
"EPC1",-1.29864524174297
"CHPF2",0.702194205722929
"AP3M1",0.887603621995542
"RLIM",-0.642988105676666
"GSTP1",0.731184439593433
"LRRC59",-0.809630968121847
"SERINC5",1.45057303885521
"PLA2G4C",-4.99300285678692
"TENM4",1.07341614385031
"JUP",1.2351192443969
"MMRN2",-2.40804869886476
"RASSF1",-2.47598380443043
"AKT1S1",-1.03189536001892
"ZNF442",-2.98764183311948
"NPM1",-0.879544387918908
"UHRF1",-2.12784730401829
"GLRX3",-0.943967638234372
"ZNF57",-1.54039385689032
"HNRNPC",-0.82498876827809
"XYLT1",1.62288571559583
"RNF130",1.00138129432445
"PLEKHA5",0.955080649681942
"MAGEE1",1.56042881804464
"NPR2",0.91970057368138
"RIPOR2",1.4156922575994
"HIST1H3C",-2.03681145833818
"ICK",1.28138597746253
"PYDC5",2.51934407325167
"DKC1",-0.940469791543817
"DMWD",-1.67226578613287
"TMEM11",-0.875500846148491
"UBALD1",-1.07858798682108
"CDC5L",-0.698230646598032
"ZNF788P",-1.27740408816351
"KIAA0930",1.18650594140874
"RHOG",-0.900258351198126
"SLC43A2",-1.79958592066364
"STT3A",0.733482789891942
"AFF1",1.05171469455735
"KMT2D",-0.864854846704894
"SCARB2",0.772456434484017
"GORAB",-1.7230322701847
"GNS",1.01848746926046
"CTF1",2.00438903885438
"TGIF2",-1.86880636955191
"LAMP2",2.39051757700627
"PRMT2",1.39867686285841
"FBLN1",1.2715932459311
"ZNF24",-0.94940807728367
"SLC9A9",2.66852552921243
"FBN1",0.962425153834997
"GAN",-0.747592929663101
"DDX27",-0.789361849097788
"ARHGAP9",-2.4015427360032
"ZFPM1",-1.19925673001559
"ALYREF",-1.31185399157017
"CSRNP1",-4.12281786720911
"KREMEN1",1.01257487456256
"CD248",2.66044575073327
"YAF2",-1.59338091912341
"ZKSCAN2",-0.909672050700031
"MBD5",1.08669684439425
"SH3BP4",-1.00091031290517
"CARS",-1.62907258506777
"NSUN5",-1.34539100966693
"SPAG1",-1.4483095508612
"TMTC3",0.802796435930797
"SLC25A23",1.99842526759021
"WDR74",-1.24363716123852
"CREG1",2.06485628164863
"AMOT",1.05499300907665
"ZNF136",-0.931784016461993
"CSRNP2",-0.854142799005851
"MAN1A2",0.844115776220632
"SCYL2",-0.751962678113567
"RBM22",-1.09183818128057
"LSG1",-1.30867641421142
"CCDC91",-0.93609770929928
"HLF",-4.36405688164424
"ZNF589",1.4210837081536
"PCDHGB2",1.9600921019646
"SH3D21",0.974774784174787
"BAG1",-1.49903194366128
"SH3YL1",1.48916511901135
"GTDC1",1.06932903201689
"ACSS3",1.16391949463022
"HIST1H4E",-2.61044713460637
"MAK16",-0.871278457471763
"NIPSNAP3B",2.46564821354505
"MEIS2",1.49078830222758
"PCDHGA5",1.52070535170834
"INPP5K",0.829260936105783
"TEAD1",0.776990511376958
"JMJD6",-1.28701734970725
"HIST1H2BC",-1.15284643181749
"AFF4",-0.825147394708593
"MRPL1",-1.0530927010994
"CMBL",2.27289636378916
"FOXN3",1.42415135444192
"PCSK1N",1.36170117012846
"TBXA2R",1.51783325426848
"ZFP64",1.0028694291718
"FBXO28",-1.25148431235822
"SEZ6L2",1.39059608127629
"KLHL7",1.2506081752361
"GPM6B",1.0378892518537
"TAF3",-1.10336131847855
"PRDX2",1.00285684551113
"ADAM12",1.17318364440539
"STK35",-0.733786689042575
"ORAI3",1.64647136497637
"NOL10",-0.88295863957739
"PCDHGA8",1.64803890569419
"RNF19B",-1.14767105533124
"ELOVL6",1.43744599182417
"EIF2B2",-1.50341163022811
"PCDHB12",1.17731802276583
"ZFAND3",-1.01459272336275
"INTS12",-1.44780564701431
"CCT5",-1.29657669096684
"PTP4A1",-1.51857878873334
"TMEM185A",0.863296368914387
"ZNF622",-1.80348517215301
"ZFYVE9",0.80895139537673
"CRY1",-2.75081151447159
"CCT8",-0.959977781434708
"PGM2L1",1.36399487881646
"SRCAP",-1.06641877052957
"P3H2",1.01880193510676
"C3orf62",-1.09880692240007
"WDR53",-1.0555805137189
"TEX30",-1.54059047286312
"LBH",-1.40439180981563
"P3H1",0.87864877139522
"GXYLT1",1.02375942508606
"PDIA4",1.30810099985666
"HIST1H2BL",-1.59474047078984
"CRELD1",1.04426387820328
"OAS2",1.46134396976368
"TRANK1",1.16686819205777
"MKI67",-1.53420161843752
"TRIB3",-3.1079447236383
"GOSR2",-0.720486887525701
"FICD",-2.3627690564224
"TBL2",-0.78084974593727
"PPP2R3A",0.98450984336292
"TMED5",0.744892111302237
"HIST1H2AH",-3.3190988393297
"CTSF",2.20956119748519
"FOSB",-4.17074266801104
"RANBP9",0.713736916986161
"MRPS18A",-1.0771583572999
"ZBTB46",-1.38018623211425
"B3GNT7",1.84192127868243
"DOT1L",-1.47991969692657
"ZMYND8",0.865852787414229
"CCDC59",-1.22572284768232
"ZNF598",-1.31004531899128
"CTGF",1.58717435191886
"ARIH2",-0.859014177374351
"GAL3ST4",2.38412136091894
"RAB3IL1",-1.24710322271711
"TTC3",1.80944043527443
"ZNF670",-2.16642945881848
"UBTD2",1.50970471622191
"CTSD",1.1776211420503
"IGSF3",1.81823815712764
"TNFRSF1B",1.08048225669748
"EAF1",-1.21737347817519
"STAC2",2.68532114355253
"TIPARP",-0.931157827238903
"ZKSCAN5",-0.989805100414414
"IGIP",1.10080909809657
"NFIX",0.975833210629862
"MTA2",-1.02265190731953
"TENM2",1.29122362026275
"CPQ",1.97340366998979
"PTPRG",1.54257632600545
"BRD2",-1.77453983203685
"SLC16A2",1.01102406048544
"ARID2",0.775013489839183
"BCL2L11",1.21301024335552
"B3GNT2",-1.04015113118858
"KCNAB2",1.69130168215328
"NDRG4",1.55612129520134
"PERP",0.950682476894389
"GOT1",-2.27303299732348
"EIF4E",-0.785370902254592
"SNED1",2.28656106173432
"PSMG3",-1.28951982273121
"NUP93",-0.857836478695351
"SLC27A1",1.66475219783877
"PSME3",-0.831420089598503
"MTF2",-0.724197809717809
"SF3A1",-0.971705793228949
"PIGX",0.918996182896465
"ID4",1.78207275950136
"SLC7A5",-0.647465674560327
"GDE1",1.21872267184949
"TPCN1",1.04290407573178
"ALKBH7",1.50217106499114
"C21orf91",-1.08982335717737
"DPF2",-0.776762572421262
"MAVS",1.13733160634938
"ZNF649",-1.52079964445543
"ALDH6A1",1.59936456886106
"TCEAL7",-2.21565320864377
"MYC",-2.58606302067029
"R3HDM2",0.886047895560328
"L3MBTL3",1.45326661840829
"PAMR1",1.85571572664559
"AAR2",-1.14727551510511
"KIAA1958",1.02705626347357
"TCEAL8",1.07800324527376
"SLC48A1",1.43568905936096
"TMEM39A",1.02965861676232
"VPS37C",-1.02545488459258
"BST1",1.72295509896994
"MRPL9",-1.10944732016325
"SLC7A1",-1.41904295061195
"STON1",2.10750065259841
"DYNLT3",1.05957990914297
"SYT11",0.945608512784089
"SOD2",0.759014710976683
"RGS3",-0.918539836265582
"RPGRIP1L",0.758340680976458
"SLC45A3",-2.43471712992161
"C11orf54",0.981185212556935
"OTUD4",-0.664022563264802
"NLGN3",-2.03970065208238
"OPHN1",1.19966455410016
"CD9",1.40822389996551
"IGFBP7",1.15306900212513
"UBA7",1.30026927381811
"CDC6",-2.7690258069125
"MDH1B",2.05739443862515
"IGHMBP2",-1.30096889048041
"KDELR1",0.858857235236488
"MYH10",0.74497455755068
"PTPRS",0.962651499692281
"BRIP1",-1.48567125585346
"COBL",-2.00837882973538
"BTN3A2",1.71862351429587
"DKK3",1.58760158091371
"TMUB2",0.951039576637449
"PIEZO1",-0.944403905594158
"TOGARAM1",-1.20148083899701
"SAMD4B",0.98151645744544
"SAT1",0.890338146289925
"CHKA",-0.793119908670592
"RRAS2",-1.45070722135736
"RAD51AP1",-1.82434955557871
"PLRG1",-0.910258706037865
"PLAGL1",1.33713792594256
"SEMA3C",1.08630100813463
"AP5B1",-0.892104188146131
"SUGT1",0.881863743679401
"CYREN",-0.768478851935772
"DPYD",0.951120654328519
"CAPN15",-1.16636146110443
"TTC39B",1.04208442079914
"ASPHD2",-1.78377724274747
"SERF2",1.1681778904169
"TRIQK",1.84194319890695
"ST3GAL5",1.04495776389542
"PHF5A",-1.02176724972647
"DHX15",-1.00971459377003
"RAB38",-1.24478282885618
"GORASP1",-0.715007528399275
"OLA1",-1.0828588838423
"NOP14",-1.29157995260784
"VWA1",3.01229070817242
"ITGBL1",1.00168990060336
"KMT2B",-1.66047982336828
"MLLT11",1.55356650160523
"PGBD1",-1.05844175934843
"TAF13",-1.23178530986766
"SCAF8",-0.622988527283781
"KIAA0232",0.858642145701486
"MRPS10",-0.885285748547176
"LAMB3",-1.29879626739935
"HIST1H2AB",-2.39049690673686
"EXOSC2",-0.788979264959166
"ABL2",-2.81449306311579
"CALR",1.0145858023393
"WDR6",0.94897391017954
"METAP2",-1.01076581539192
"RABEP1",-0.6662218232598
"NATD1",1.31919527580527
"MSI2",1.89047040555681
"BCO1",1.36619575582076
"CDK19",1.31510804504559
"SLU7",-0.768661478587734
"ZNF777",-1.48974521768566
"GTF2H1",-1.10622521711195
"TMEM230",1.3874662131714
"ITM2B",0.989309279243825
"ZNF563",-1.54640706749295
"H2AFV",0.876449290876901
"SLC4A1AP",-1.01645814343294
"CNN2",0.765952729658713
"ATM",1.1651260263803
"EPHA3",3.11954542768731
"CCND1",-1.72270447521726
"BCL10",-1.28289926954594
"RNASEL",1.14511002512633
"IGDCC4",1.46627515981129
"GOLGA2",0.804885332586445
"HIVEP2",-1.80561682471926
"SLC22A1",-3.59434767112842
"ZSWIM6",-0.970475816656741
"TM4SF4",-4.18535051744523
"STK17A",-0.983471724524468
"DUSP12",-1.30577988775969
"MPP6",0.682097357936205
"FAM222B",0.887673228794795
"SLC25A45",1.57370332861657
"ATP6V1H",-1.30929406943376
"FGD6",1.47376037666578
"ANXA4",1.21463180190262
"ATP6AP2",0.900773801447684
"NRSN2",1.65817694273772
"NUPR1",-1.02346410811866
"C2CD5",0.779238842713334
"LMBR1",0.871268965808787
"SBF2",1.09383660537453
"USP31",-1.04975930094872
"DDX28",-1.24590806319772
"RIOK1",-1.34362875942978
"GSTM2",2.16190083818248
"MBTPS1",1.17767978290758
"IDH1",0.927817859559041
"WDR62",-2.86200910035063
"IPPK",-1.67016052159894
"YOD1",-2.02451476379567
"TMED10",1.34136676384771
"CRTAP",1.74358587729707
"SLC39A6",0.903155810618114
"CSNK1D",-0.628853951798809
"PIAS3",0.756361116315962
"DNTTIP2",-1.80521937358266
"GLT8D2",1.21896201553631
"SCD",2.42429023466561
"FANCD2",-1.04360129191662
"MRPL10",-1.00981145950679
"CTPS1",-1.7115045571275
"STYXL1",-0.790019030717081
"CRNDE",1.0897928144822
"ZNF83",1.07995257381222
"STAT2",1.26992045995824
"CERS6",0.832981567921558
"PDPK1",-0.826385567587534
"CENPL",-2.01216259143861
"FAM217B",1.38666083420932
"SPRY4",-0.922184683172982
"G6PD",1.26171205494045
"SCD5",1.07199580061191
"SMARCA1",0.910931275253232
"WRAP53",-1.83126812938537
"CHST3",-0.967038646460305
"NUP98",-0.896876301780245
"NOP56",-1.51926372294159
"PRDM4",-1.80099365410442
"ADGRG2",1.97711661106317
"HARBI1",-2.09565288202003
"MELK",-1.83162460285806
"ANGPTL3",1.57761814872258
"PPP4R2",-0.787663520369483
"SGPP2",-2.4451881683568
"COPS3",-1.45152688919402
"RAB14",-0.613860363098715
"PCDHB6",1.4671957840822
"NOM1",-1.1784782599999
"ATP6V1FNB",-1.23699971339909
"ZFHX4",1.16788669367907
"HIST1H2AM",-2.00653517246135
"SMC3",-0.88030108862331
"MORF4L1",0.801919326666738
"CCT4",-1.01133903793273
"IL10RB",1.53118911969608
"KLF15",-2.39166074822079
"PCDHGA4",2.00935827201093
"ERN1",-0.954304945620835
"TICAM1",-2.31349573868093
"CCPG1",1.02804128156329
"MTHFD1L",-0.959174668555021
"PDE4A",1.17519496069391
"MAP3K10",-1.54829929067799
"ATP6AP1",0.894317300658977
"FUT8",0.754700419180369
"ERAP1",0.653788076641688
"GMDS",1.23350764684055
"BCLAF3",1.07374178592307
"TSPO",0.792966857333629
"ATG3",-0.919001786843
"ARMCX4",-1.10457597567722
"HIST1H4B",-2.81280259144568
"SEC23IP",-0.917814624405939
"MFSD10",0.840297573612206
"PXMP4",1.1450186382557
"AFTPH",-1.15552810083256
"TOMM40",-1.54293395176482
"CNST",-0.767831709707382
"P4HA1",1.54194092614998
"FAM234A",1.12177209816214
"OPTN",-0.73001024337459
"SEMA4A",-1.89576479112592
"TNS1",1.07645766422295
"TVP23C",1.39151123485806
"MAPRE2",0.893062383377294
"DGKA",1.15755898965082
"ADAM10",1.52144681647413
"SIAE",1.17865584802188
"ZNF768",-1.32388780754275
"RARA",-1.46264950395363
"MYO1E",0.947936808487661
"KCNE4",1.53996628999678
"HTT",0.650297182604923
"TMEM123",0.816971693665161
"TRA2B",-1.3411173101889
"FAM111A",-1.26187162862856
"TBC1D22B",-1.49685502443966
"DOCK11",1.23811037154118
"FAM8A1",0.798296474560795
"MED20",0.934246415069692
"INSIG2",1.47955058821098
"PAK3",-1.72223257403186
"FAM160B1",1.14603957678625
"E2F2",-1.62643311423618
"SLC6A20",-2.47650288336306
"ATP8B1",0.88997207834433
"PCDHB5",1.77606083975283
"ZMPSTE24",-0.809993909765509
"ACBD7",1.43630774940959
"CHMP4B",-0.992189792581791
"TKT",0.997284757567586
"CXCL8",-5.40861555586075
"PCDH10",1.89281158203098
"TSHZ1",1.43785908503115
"SOS2",0.746338059878344
"ADAT3",-1.62674500472566
"LSMEM1",-2.23083761601109
"PI4KB",-0.694543433260058
"SLC2A6",-1.6381797796585
"REXO4",-1.28485244601816
"SCAMP5",2.1542551894627
"RPAP1",-0.898428516719962
"TTC30A",1.3901938304971
"METAP1D",0.997648061743202
"SLC35A3",1.06182375175914
"ZNF530",-1.33995019211284
"AKAP11",0.70243860493377
"CYP27A1",1.24729562637123
"ABCC4",0.721051968125295
"ATPAF1",0.931507592263386
"UQCRFS1",-1.1440450191571
"FAM53C",-1.36836253751771
"EZH2",-1.54912170446204
"ODC1",-1.97696404017141
"ABCA3",1.04041872901651
"ILF2",-1.27259994476251
"SETD1A",-0.807161389995229
"RAD54L2",-1.24968892908462
"ADAM9",0.913085811254746
"ZNF362",1.24522210822366
"PBK",-1.22820043062013
"MTERF2",0.923146632405516
"FKBP10",1.0223665454155
"FBXL13",1.00623224060107
"THAP10",-1.49640005966191
"SEC22B",0.975045482659529
"TRIP6",-0.670557019723857
"FBXL18",-1.56124342402232
"YPEL3",1.94925533909645
"RNF122",1.72888310023092
"RUVBL1",-1.18560912188722
"PPP3CA",0.742152057202106
"SNRNP48",-0.827552484021062
"KPNA4",-0.721652054495082
"RETREG2",1.10313110893497
"ELF1",-0.762365772058239
"LNPK",0.775808295220426
"FAM69A",1.20275715524766
"IFI44L",1.68216427768158
"PI4K2A",-1.67682117150678
"TMEM143",1.92764703587639
"RHOB",-1.7156899664776
"CALHM2",1.03402367479946
"THOP1",-1.81096652560279
"HIST1H3B",-2.76527445617792
"HTRA1",1.02923557854042
"TMEM231",0.908558020982821
"RMDN1",0.875599660916371
"GAB1",1.20072420455764
"BNC2",0.925220211941383
"HIST1H4F",-2.97863674152371
"NXT1",-1.55795724135252
"FADS1",1.53428784659835
"FAM102B",1.51474398895321
"UIMC1",-1.49411869583046
"TEX2",-0.74654852905859
"ZC3H4",-1.20926507754002
"NIFK",-1.57431016960672
"ASPH",0.977827390904336
"CDC25A",-2.74174919254838
"SLC4A2",-0.897094420606441
"LTO1",-1.61846060637992
"ZNF669",-1.79068190888922
"GPATCH8",-0.927304760392877
"CDK5R1",-1.82529068771985
"EIF4G1",-0.915461173213743
"TOP3A",-1.06953096116943
"CYP27B1",-2.01226847788249
"SAMD4A",-0.892439664956102
"TGOLN2",1.15291040250971
"C19orf48",-1.74505876122391
"POLR2A",0.67128627893226
"WNT4",-3.11967820712891
"CDC20",-2.5712743664812
"TRIL",2.0116121615914
"NUDT11",1.07440673348294
"ZNF207",-1.10038456999604
"TUT1",-1.2198097131611
"EIF6",-1.42996284954923
"STARD3NL",0.802112539699777
"ZFR",-0.733739165632566
"DDX60L",1.20707037813724
"GAMT",1.17385310931824
"URB2",-1.42173327815734
"SENP1",-1.4361890780875
"ORC1",-2.57662163461963
"SSPO",2.52274677667004
"TUBG1",-0.850399242078273
"FNBP4",-0.939683257260173
"PPIL2",1.06277497291706
"TIMP2",2.8891944933376
"PCDHB2",1.615936996557
"ADPRM",-1.66759900082783
"NGFR",-4.38082340792877
"IRAK1",-0.727045618612755
"ZFAND5",0.669938654721394
"GK5",0.765351499512959
"ACAA2",1.02754610872804
"B3GALNT1",1.29701587382963
"ARHGAP26",-0.945365462834582
"CDKN2C",1.32617741470027
"FBF1",-1.16130293634929
"SART1",-1.22777379178027
"SORT1",0.916947178691622
"RPP38",-1.54406369066444
"ZNF48",-1.29421043380721
"HDHD2",0.711115482207466
"LRRC17",1.78695586381528
"DEPTOR",3.53884685044401
"NRBP2",1.84602502297012
"EXOC6B",0.796521513366109
"MRC2",0.93611732865467
"SUV39H1",-1.50538056539821
"CLMP",0.782439947231946
"NT5DC3",0.848957876471927
"GARS",-1.28024784890441
"S1PR3",-0.983750631461149
"TIFA",-2.45760160889759
"RTL8C",1.80855604631564
"UBL3",0.710203882909259
"ATP6V0A1",0.820483319500149
"ZNF579",-1.18551648220567
"SNW1",-0.920923431058012
"STX7",1.11715075638529
"SLC25A37",1.27319388469268
"HIST1H1B",-2.49164160468111
"ZNF3",-0.758143888352391
"REXO1",-1.91401083431938
"SAAL1",-1.25051664698607
"RRP1B",-0.705603204988121
"DMRTA1",1.39209314290532
"ENDOD1",2.03067060395938
"CSRP1",1.55980248247798
"CREB3",-0.969021690263549
"HNRNPL",-1.17746053998598
"ZWILCH",-1.59648110257723
"CCDC174",-1.60234938173648
"TMX4",1.57168585235726
"SPATA2",-0.950156420055301
"SRRT",-1.60823938027342
"CDON",1.75152514589342
"SHROOM4",1.11791990134942
"COL4A6",2.37080500648645
"TBC1D19",0.944393228277209
"MAN1C1",1.12329936557841
"LEPROT",1.12913884158189
"DPH6",1.12511635131218
"C1QTNF3",1.54975957183933
"GRN",1.45046537272395
"MFSD8",0.852398602309234
"FANCA",-1.62300955773872
"SOS1",0.949626926126237
"PCMTD1",1.30561389348713
"CERCAM",2.09674664925731
"VAT1",0.996789952274262
"NAA10",-1.41513166391293
"SLC2A12",2.54319210306312
"DNAJC8",-0.67617535214227
"GABPB1",-0.988630103037649
"GINS1",-1.51549155551505
"CRIPAK",1.06425246629228
"ZNF75A",-0.90668929124498
"VWA5A",0.998645059095792
"CD99L2",1.04184292211214
"NOL8",-0.870799115340195
"IFFO1",1.28931694214563
"PDIA2",-5.81805834316676
"TET1",1.0609529822592
"SMURF1",-1.75233428939037
"SLC26A2",0.989460949370311
"FGF1",1.36792706568416
"KLHL18",-1.33865540049016
"ZNF385A",-1.71768322681002
"TRIM14",0.982183139509002
"CCDC93",-0.81187903542018
"MAP1A",1.31291036013972
"PCDHGB3",1.74992733885991
"RCAN3",1.56767352060163
"PPARA",1.10584396955704
"NUCB1",1.46892924995125
"PXDC1",-1.56746526138328
"GMIP",-1.08922691848765
"FBXL17",0.847312502544517
"KDELC2",1.4206131601773
"DDX21",-1.7620732508967
"CENPE",-1.73899292770761
"APCDD1",2.27072605315268
"GALNT1",0.940605918281772
"PRRC1",1.36806564729841
"C7orf31",-0.984345531048761
"IGF1R",1.71146185863513
"FKBP4",-1.04488794719643
"C1orf216",1.12620684232469
"NOV",1.18194420458842
"SMIM14",0.847103407893006
"ICMT",-1.60788383969361
"MIER3",-0.677632193762432
"ARMCX3",0.756556543165248
"RALGPS1",1.05052152311997
"RRP12",-1.61734244297035
"KIF18B",-1.63085951209927
"LRP4",1.24789586993707
"UBTD1",-0.781841609224567
"PACS1",0.749518891043536
"LITAF",0.898125123475735
"KIF20B",-1.564410265551
"SRD5A1",-0.896277580701028
"UHRF1BP1L",-0.7511478336545
"CCNF",-0.995420064349032
"BCL7B",-1.62561699064386
"CADPS2",1.34658980152044
"MEIS1",1.23753127096088
"CETN2",1.27125998770979
"PPP1R37",-1.6072295731088
"DDX42",-0.685483632923465
"NEK2",-1.34912229813118
"RCN3",1.73144472365689
"GALC",2.3701978560763
"ZNF614",-0.78143566766823
"SLC5A3",1.86659129708334
"PATL1",-1.03551241707325
"DNMT1",-1.52803034881339
"LRRN3",-1.27538881878246
"PPP1R10",-1.2095660549844
"ARL4A",-1.00411475848987
"DENND2A",-0.639048417230964
"JUNB",-1.58089552417764
"EXTL3",1.2419815474044
"STRIP2",-0.980058563121066
"WDR41",0.945168683093609
"C10orf88",-1.19964801900954
"C7orf43",-1.8468303963413
"FBXL4",1.28154182569088
"PRPF3",-1.37702313706541
"PXYLP1",1.41996904705002
"SLC35E2A",1.71143915590762
"ARHGAP1",0.927932256702785
"PDCD11",-1.18156690239215
"HACE1",0.910803741231894
"PRDX4",0.875432817405766
"SNRNP40",-1.19080340309591
"AXIN1",-1.30292016934708
"PDGFC",-1.06665770633217
"JARID2",-1.39724825455802
"DOCK4",1.33463917200983
"MNT",0.875719959233722
"DHX9",-1.1032156843978
"AK9",-1.14590718123287
"RND1",-3.39606571790129
"DHX30",-1.14117831529181
"MAD2L1",-0.973863775378437
"ENTPD4",1.50323483430212
"ZBTB43",-0.920846544375574
"NRP1",1.13254084969148
"IFITM3",1.28445558842049
"ZNF410",-1.77837487631437
"COL4A3BP",0.757332171936268
"PRR14L",0.752543476021549
"GHDC",1.09947637869046
"SF1",-0.946385253768659
"CPVL",1.22703419338611
"TOX",3.00413012107039
"CREB5",-0.912713528578498
"NCAPG",-2.2496240136312
"IFI35",0.948814266864652
"ZNF431",-1.1468167848055
"ANXA11",1.13190040308122
"LRIG3",1.11199239518226
"EVI5",1.38710109697774
"ITPA",-0.941349101968991
"SEC61A2",-1.21745871394972
"PLEKHB1",2.17127120706339
"MOB2",-1.14059136435144
"IPO13",-1.00640109442741
"BMPR1A",0.675595004290424
"EIF3J",-1.39135647192409
"AMBRA1",-1.21093670033975
"ASB1",-1.32336735063964
"TMEM117",1.45456779006542
"NAA60",-1.18925156260992
"QSOX1",1.12725383397713
"VKORC1",1.26126152759599
"RNF170",1.61069414040598
"HIST1H4L",-2.55720492880602
"CD164",1.35402106472799
"DEDD",-0.746418507132056
"PON2",1.18954696491551
"FAM214A",-0.847283784049789
"XYLB",1.17233453227286
"MIS18A",-1.5443255032789
"C17orf100",2.1274144594319
"MAML2",1.19539783995073
"C20orf194",1.22800078534905
"SOX4",2.06137427858567
"TTK",-0.997046509057055
"TPX2",-2.05234023332661
"LANCL1",1.60685474906676
"PISD",-0.899289671618373
"H2AFX",-1.23228509204208
"HDGF",-0.84204825026067
"CSTF3",-1.04355247550957
"GDAP1",-2.13324598030824
"POMGNT2",1.0945443169179
"DCN",3.76457108118592
"ABCA1",1.07777411809142
"PPFIA4",1.76820765870945
"TMEM265",-0.989609175749148
"AGMO",1.55307033522833
"EPHX2",1.57933137899447
"MFSD6",0.841455186494555
"ZNF713",1.96708071298
"CTDSP1",0.882940111754977
"ZNF514",1.32242279242819
"TFIP11",-0.853125031068963
"RBM10",-1.15200968901352
"TMEM263",1.03930119681794
"FKBP9",1.65272728343289
"RAB3IP",-1.26706051593371
"C12orf4",-1.32550218760285
"PER1",-2.63797878285403
"ATL3",1.57913736101744
"ZC3HC1",-1.16938201216035
"SERTAD1",-2.91104964760792
"CCNL1",-1.71421974851261
"ZNF281",-0.993411789994237
"RAB11B",0.721911905775912
"DHX34",-1.19142302810392
"IMPG2",-2.37532356295575
"ANKRD33B",-1.45977140942506
"NAV1",0.915951893328162
"SLC25A36",1.10636335362461
"NSUN2",-1.45807303043455
"NOL3",1.23027328337412
"SAP130",-1.2421927824674
"HIST1H2AC",-1.20845776883102
"ZNF764",-1.44578935458953
"DNAH10",-2.71247565086905
"FAT4",2.91145562271301
"SNAI2",1.90450405902618
"EFNA3",2.08387196878731
"ST6GALNAC2",2.19133658743715
"SLC17A5",1.31735701747679
"SMO",0.888167914598019
"FRMD6",-1.88026108547904
"SOCS3",1.11168481771998
"URGCP",-1.5352762358602
"MR1",1.03718631975085
"SEPT6",1.2498015173422
"DDIT3",-1.86133401529841
"DTYMK",-0.945869127388322
"ANKRD36",1.40646893517752
"ADCY1",-0.741582965823306
"SLC35E2B",1.16138457497209
"DCAF16",0.982151124783347
"PSMD14",-1.16975765671562
"DTL",-2.9295845717789
"C12orf66",-1.35562386511731
"ATXN7L3B",0.750962448961116
"KCMF1",-0.987247340777774
"BBS2",1.05667710483216
"ZFAND2A",-1.19240621252837
"ZNF416",-1.16168317547867
"RTL8B",1.14556600700441
"RTL5",2.06295457632638
"DAPK1",1.68600632648734
"ZNF404",1.21309240051847
"PI4K2B",-1.02868886170112
"SQSTM1",-0.997191999242176
"RECQL4",-1.72234875086896
"PLEKHA1",0.831821980143343
"CEBPG",-1.41492951622656
"ZBTB6",-0.709492401050998
"TMSB10",1.12353890060853
"FAM171B",1.40606581611314
"TRIB2",1.58876294810865
"CCT6A",-1.12394743048516
"RAD18",-1.34406039778532
"PPM1K",1.60863712780353
"MAD2L1BP",-2.11489375683947
"PPP1R13B",-1.6018704175675
"ZHX2",-2.0416266795752
"CDT1",-1.63749229276163
"NSRP1",-1.09240223257062
"SPAG5",-1.33608424411161
"EGLN3",2.63552780242345
"TSC22D2",-1.31080134949095
"PPTC7",-1.2265949139128
"RSAD2",2.12852880614545
"P2RX4",1.40393131607422
"DNASE2",2.16029169181653
"ESCO2",-2.98590584481214
"KDM2A",-0.799727518900737
"ATIC",-0.782370827603002
"POU3F3",1.04232792535544
"SELENON",1.34813972865655
"YIPF2",0.84069185515893
"PLEKHA2",1.132658488427
"ZNF592",-0.671016801774774
"COTL1",-1.11941153119186
"MYB",-8.65753080814379
"PDZD11",0.920290573819202
"HIST1H2BB",-1.64471205259146
"TRPM4",-1.48010248408028
"STK10",-1.31420898128173
"OVGP1",-3.07672363124029
"BSN",-1.3348206822961
"ST8SIA1",1.35206836140541
"ERLEC1",0.709400836108813
"CMPK1",2.05251259070998
"RAB35",-0.862640502966262
"TBRG4",-1.34899238316583
"SDC3",1.04657014730071
"ZNF248",1.63095033861502
"PRC1",-1.56049638506007
"ERF",-1.42792252675508
"NVL",-1.04988135022765
"TRIM28",-0.628697097941747
"STK32A",-1.23919914713401
"SLC22A23",0.853020768628143
"THUMPD2",-2.48827993739892
"CEBPZOS",1.01713601782844
"IKZF4",0.823928776127681
"WARS",-1.08398649891715
"UTP3",-1.49388439301808
"COL12A1",1.66392096818553
"HES1",-2.31453996746784
"RNF114",-0.78375473089347
"NFKBIA",-1.70651019315028
"NXF1",-1.33881191793767
"SURF6",-2.04232351588438
"SARNP",-1.12577354384207
"ZNF778",-0.972195482683334
"TUFT1",-2.53258483743062
"PPP1R15A",-4.42411046947899
"C19orf70",0.906643424783421
"PAQR8",1.0687844722305
"MARK2",-1.4418324951147
"WDR20",-0.953892082271585
"CHD2",-0.760819532612432
"HIST1H2AL",-3.7317048862931
"GPRC5B",2.55766790611063
"TCF7L2",0.778502832629956
"MPI",1.616573899292
"PLA2G16",0.931432079656909
"EYA1",2.60503745374836
"ARSK",1.27558001511299
"HIST1H2BN",-0.954648438159033
"BEND5",1.86029099733977
"IRF1",-2.38293982876521
"SERPINE2",0.728228027485343
"MANEA",1.32138131684018
"POLR2H",-1.86377170968451
"PEA15",-0.959741104517572
"FTH1",0.834188690515374
"STAG1",-0.832547307621663
"CDK1",-1.06495406104466
"HIVEP1",-0.738190546006645
"FARSB",-0.8782946459701
"APBA3",-2.09365714575016
"PPIG",-1.03318945902703
"GMPR",1.27994614881156
"DIAPH3",-2.06791908074481
"DCAF6",0.753591918467457
"LRP5",1.08558605481824
"POLR1C",-1.08575391845299
"FPGT",1.30771993392595
"HIST1H2AE",-1.82301846099589
"DDX60",1.02932188325386
"PEX11B",0.82637184268091
"PIAS4",-1.09850664458879
"LRRC46",-1.86829939285425
"PRPF40A",-0.706269379969742
"ETV6",0.92318111842038
"TRMT13",-1.01268942681094
"ZNF827",-0.924388244948467
"ZBED8",1.20507876430211
"NBEAL1",1.11739290359393
"SPATA13",0.99728807744126
"LMBRD1",1.62995571176266
"CCT2",-1.43116940112079
"PRRG1",0.820007723756679
"ANGPTL1",1.67000268086707
"FAM114A1",2.12750712809087
"GDF11",0.983794798024141
"MTFR2",-2.72006762450379
"ZYX",-1.34701560570909
"SLCO5A1",-2.1507800853182
"ASTN2",1.27907875586917
"KIFC3",-1.79653271564103
"UGCG",-1.32532815080305
"PPP1R16A",-0.817305708660382
"CKAP5",-0.64845152486388
"ZNF205",-1.54849175481268
"SLTM",-0.792573679813549
"TCN2",1.9845031621352
"RGCC",3.62268666136489
"MYORG",2.18773329737425
"S100A16",-1.01584162173429
"SMPD1",0.86189180200317
"C16orf87",-0.959237464410635
"CRAMP1",-1.24073553265593
"YTHDF2",-0.792515625425411
"KLHL26",-1.99994804653165
"EXOSC6",-1.19740406867508
"SHTN1",0.971188307742543
"ATG9A",0.810906971389248
"RPL7L1",-0.886821839022716
"USP48",0.814120573965065
"ERC2",-2.11588038695694
"WDR75",-1.08461136488083
"NCL",-0.849735557334728
"CLDN11",2.82242174069858
"TWIST1",1.14458909366174
"LFNG",1.8860404518929
"DCUN1D1",-0.674299976153337
"MRPL47",-1.58476259660452
"SUPT20H",-0.822532860119805
"SAFB",-0.993422375595027
"HSBP1",0.882257751812157
"SSPN",1.06402939510965
"ANKIB1",0.764760357755535
"CAPNS1",0.760940970430639
"IFFO2",-1.0736980986935
"TXNL1",-0.92285369060734
"PRKAB2",0.787158086292283
"PHF8",-0.75096646783729
"TMED4",1.09279596420034
"HAS2",3.27439542916297
"PLK2",-2.57411056727401
"AKAP8L",-1.53027185813934
"AP3B2",-2.1769631743825
"TPI1",0.666830960178472
"BTBD11",-1.5430975772604
"ZNF324",-1.18634834524926
"TBC1D5",0.992822194417713
"PPP6R3",-0.695685392259285
"MARCH6",1.18772816684055
"NFKB2",-2.94934549117505
"KIF23",-1.29524567699789
"CD226",-3.15252201451801
"PRKX",1.22801542154961
"NR1D1",-4.55257163986799
"ADNP2",-1.27147325753965
"LAMB1",1.59405129866305
"TNIK",1.51825942711757
"PALB2",-0.905526801684326
"SEC31A",0.969769674020297
"ASTN1",1.12647815750423
"INSR",0.942735677744896
"CCAR1",-0.701678514237452
"CTSC",1.0202524526176
"APOBEC3C",1.14774269694938
"PFDN2",-1.63609532113718
"CIP2A",-1.646240885025
"DOHH",-2.25448110632067
"PIGT",0.640942062624814
"OTUD7B",-0.897567404756208
"SLC29A4",0.992583801361516
"FAIM2",1.17970440051446
"GATAD2A",-1.32479348116359
"EPHX1",0.972886336837785
"IGFBP5",2.13496034506182
"KNSTRN",-1.30173155578673
"NCAM1",1.19223788959633
"ITPKC",-1.15524821479665
"BCHE",1.3219422384595
"SPICE1",1.02640526431594
"UVRAG",-1.4322626989892
"HELLS",-1.63839649323458
"EFS",1.07055713811294
"SMIM8",1.63079417354738
"C6orf89",0.928889506860982
"BCL2L1",-0.893952387851261
"ZMYM3",1.12836514706009
"QTRT2",-1.3416999983108
"C11orf71",1.13859129088195
"MMP14",1.14924030855371
"VCPKMT",-1.55872619205558
"CTSA",1.35879723011393
"ARF3",0.973942684150484
"CHST12",0.874995452710961
"PLA2G12A",1.72444274609405
"CDCA5",-2.68188392968035
"TBCC",-1.55514610912287
"ERCC2",0.861488288736673
"ACOT13",0.847797832519223
"FBXL19",-0.870956122025994
"FAM49B",1.29628795956765
"SLC39A10",1.45927592341308
"ZCCHC8",-1.07724246726969
"LARP4",-1.02270663137517
"POLQ",-1.87759391186259
"KIAA0319L",0.759123249816889
"CREBRF",-1.27012229700013
"PDIA5",2.0463924796984
"ZNF330",-1.31442752263613
"TRAM1",1.56018893638579
"MCM8",-1.52640727947062
"ZNF93",-1.19584152439249
"AGO1",0.891530223759807
"TSKU",1.32941432597257
"MICALL2",-1.1368954147571
"EIF3A",-0.82263224070803
"PFN2",1.18057834016811
"SLC2A1",0.702265044952757
"MALT1",-0.618355473572914
"MEGF9",2.07030164791696
"FAM107A",2.90420450721849
"IER2",-3.69912872614497
"HIST1H1E",-1.704032679207
"VDAC3",0.872202638086061
"SOX2",2.16098315950463
"CTNNAL1",-1.84031531523718
"ZNF844",-2.39050927665881
"FDFT1",0.890644594987642
"DYNC2LI1",1.20676969000767
"GNA13",-0.787114803166378
"LMO4",1.20192217099957
"GPN2",-1.1483868431338
"PCYOX1L",1.14398519043284
"RAPGEF3",1.59074581422323
"CENPU",-2.52455478513511
"BYSL",-2.12578899007852
"RNASET2",1.81046578488591
"TOLLIP",-0.862853815501494
"SNRPB",-1.55825761461669
"RABAC1",0.89756449300765
"LASP1",1.07566585237725
"ETS1",-1.58154667609445
"CENPF",-0.871152209782521
"RAI1",-0.775222486196475
"TIMM9",-1.34977399434187
"SCAF1",-1.3534182100202
"ADGRL3",2.64780432406363
"REEP2",1.18941010037316
"TOPORS",-0.887872023819808
"MRPL3",-0.762592837414466
"ALG6",1.48248090136168
"NBPF8",-1.05184045010729
"UBC",-1.09472666186715
"CPSF3",-0.74334947804576
"SYNPO2",1.40508579720629
"SOX12",1.11952000951092
"ARID5A",-1.07894541216212
"PTPRJ",0.794544001724153
"GPR153",1.08031689170427
"RIPOR1",-1.03472376497029
"CD44",0.868311037792397
"TMEM183A",-0.874047550131341
"HSF4",1.82368765499555
"TNFRSF11B",3.10931255358857
"TEAD2",1.24120366510202
"ZBTB14",1.00035908859136
"TP53I11",1.59465120571934
"NOB1",-1.2020866835538
"SNTB2",0.81966421397342
"SEC23B",-1.19849953934781
"TTC14",1.17385613591845
"EFEMP2",1.10104727037126
"NOL6",-1.33670771897054
"TRAF4",-1.76980140930818
"BAX",-1.093390080765
"DDN",-4.0220638557359
"FAM219B",1.13488076936331
"SERPINB8",-1.76566563616981
"DDX23",-0.726788064083241
"ANKRD36B",2.03871428425701
"KIAA0825",1.79256339845418
"WDR43",-1.68752367141778
"KIAA1549",1.42571660070439
"GARNL3",1.11646584957266
"TRPA1",2.05806522298666
"MPDZ",0.751929466167861
"C15orf39",-1.20727803988393
"CTBS",1.26010746775011
"SCPEP1",1.11284758550164
"LGALS1",0.729813084581319
"NFKBID",-2.07245749689949
"AMT",1.39847907486866
"WLS",1.23481519257092
"ZNF585A",-1.12103642357617
"FN3K",1.45968627257735
"KLHL21",-1.36451209835692
"PRMT5",-1.06785153752288
"KIF15",-1.2164552688018
"COLGALT1",0.766029962232406
"CENPK",-1.30098516111358
"PVR",-1.16285169624696
"CYBC1",1.50294734817857
"PLK4",-1.62883206290548
"NTM",0.98530819005525
"CENPX",-1.11572847586656
"DUSP19",1.64100758487956
"CA12",1.81786617034589
"TMEM59",0.7755306118002
"P4HB",1.09211803732691
"PLD1",1.40727720787684
"SH3RF1",-1.19588980592033
"CACTIN",-2.14364468982546
"MTHFD2L",-1.00520744937566
"COL4A1",2.29475526432706
"NKAPD1",-0.981846639750058
"SMOX",-1.31702536965841
"FAM171A1",1.98085142968983
"MAN2B2",1.34893711911213
"POLD1",-1.36820431108476
"PARP8",-0.975731714245424
"LHPP",2.33805911347053
"MVK",-1.0970331533092
"FHL2",-2.21315562785109
"WDR66",-2.51746856066579
"TNFSF12",1.58974705817022
"CSAD",1.08804459905932
"CYC1",-0.740370737809817
"FAM162A",2.21500918230169
"WASHC2A",-0.843791256095694
"TAOK2",-1.0858747123981
"STXBP1",0.910857934162009
"SERPINH1",1.03251238933717
"VEGFB",0.865428815729187
"SAYSD1",1.36770833569767
"MYLK",1.37961806011042
"ARHGAP21",1.12670553575191
"PSMD6",-0.867817703602739
"METTL2A",-0.736453670936322
"CTPS2",1.03344892951463
"CNPY4",1.32304418897781
"NOVA1",1.05034903637684
"DRG1",-1.07524586255299
"PPP6R1",-0.713847971611137
"TBC1D4",0.879742023771831
"RHOQ",0.706766912574599
"FERMT3",-3.67254979513846
"OS9",0.956787562357174
"LACTB",-1.02871401547577
"MMD",-1.82353423213546
"HELZ2",-1.01300797253278
"ADARB1",1.0348582837907
"RSPH3",1.36993384744338
"PJA2",1.0181642295378
"MYSM1",-0.844142737914849
"PRCC",-0.704248955253499
"CCNB1",-1.044019487979
"CDKL5",0.737491933935167
"BUD31",-1.19588474463327
"TBC1D10B",-0.965290742688637
"SLC35F5",1.28498865919599
"STX3",-2.30344572427001
"OSMR",1.24097293606231
"ATP6V0D1",-1.06205280980284
"SMTN",-1.58911903779179
"TMEM255A",2.62536232625682
"ZSCAN12",-1.06860255315173
"FARSA",-0.916980025659726
"C8orf37",1.02134734238313
"TBL3",-0.842219755969554
"PCOLCE",1.77936392920954
"MED10",-1.01742532022929
"RPS24",-1.37058060322675
"NDOR1",-2.476132858645
"NIPSNAP1",1.09882662218984
"SRGAP1",-1.23931329488444
"RRP8",-1.26278333657135
"ITGB8",2.67365761750343
"CWC25",-1.64653166990726
"ZNF211",-0.944316135685991
"NFKBIE",-3.73653328945433
"MON1A",-1.1432086458674
"UBE2C",-1.19262880698511
"DAB2IP",-0.716424820717528
"HMGN3",1.23730605098722
"SERINC1",0.630104691699694
"TMEM128",-0.772944887939991
"NT5C3B",-1.04099971892483
"PA2G4",-1.15882050226644
"NACC2",-1.14392265547263
"BMPR1B",1.44086642414557
"SLC25A33",-1.2480532012096
"MAP2K3",-2.41035941185568
"DALRD3",0.798295420725244
"EIF5",-1.52534255575731
"EFCAB7",0.866352583652966
"ARPC5",0.991012655281838
"IFITM1",3.26855566109795
"ELF4",-0.770984560114293
"ANGPTL2",1.22035717730831
"PIP5K1A",-1.17008125571344
"SEPT4",1.31834658490717
"KBTBD8",-4.26146274179462
"ASF1B",-1.43144744777854
"SEMA6A",2.51475802265875
"HIST1H2BJ",-2.04848896907737
"PCDHGA9",1.71138883661793
"SCYL1",-0.924720817290486
"SEMA4F",1.36013426294662
"LTV1",-1.35059498261426
"CCNT2",-0.702519778136537
"ZRSR2",-1.22310094664174
"NDUFA9",-0.915979256139266
"LRCH4",-1.49083737357178
"DPF1",-2.86161161393301
"NOC3L",-1.14778920265131
"SNX8",-1.60039846815444
"FUT11",0.953805537261216
"SOX9",1.00505979014789
"UFL1",0.955723254978273
"UTP15",-1.23295722549891
"CHFR",-0.995669687759851
"ZC3H12C",-0.863173279231226
"COL4A5",2.43699438549038
"FKBP1B",1.54676341311684
"GLO1",1.4424321320946
"OCEL1",1.03465325935295
"ANKRD13A",-0.966024580598558
"RPF2",-1.1305653021851
"NUP35",-1.1665144240874
"EFHC2",2.04969250423703
"ACVR1",-0.91239335809943
"PPP1R14B",-0.861066607718245
"MRM2",-1.25865541242259
"NUDC",-1.06750863723779
"PICALM",-0.993872857846391
"KIF4A",-1.61781636323335
"ZNF512B",-1.02605689003615
"TMEM50B",1.53187908028783
"FH",-1.09429557957464
"URI1",1.03422990657318
"ZBTB2",-2.78794905794064
"ARPP19",1.0004824978979
"DHX37",-1.24144250067411
"NTMT1",-2.01451209842677
"CCNYL1",-0.723165718482438
"SLC3A2",-2.39172282039342
"LGALS3",0.981091839510196
"NBPF14",-1.63828184077104
"PTBP2",-1.40868729253742
"F3",-1.64809117143855
"SLC38A1",-0.761411886664887
"CPSF2",-0.706651626163913
"JKAMP",0.912693776053562
"LEPROTL1",0.959997103415115
"ZNF282",-1.36759483350477
"SCARB1",1.85175480756724
"IPP",0.949638889744898
"SRSF6",-1.54829055285282
"USF3",1.30500412272786
"TCAIM",1.55943758171524
"LRP11",1.29186148679093
"CP",3.77656722501755
"C6orf120",0.816781890209389
"ANAPC5",0.744775745538962
"SALL1",0.842352122551103
"SAMD10",1.38601783684442
"ETV3",-0.704503543166575
"ZNF516",0.730312676145205
"MAFB",1.88216715221298
"EHD3",0.92597600145016
"HIBCH",1.14582331224169
"ZNF468",-0.805140024033873
"DAPK3",-1.21862706118385
"CHPF",1.49138363369559
"NHLRC3",1.64651579294731
"GART",-0.739315675970935
"TMEM44",1.14013669052151
"ARMCX2",0.817036600501146
"FAM155A",1.13382713335008
"PGBD5",-2.69053760988979
"CTNNBL1",-0.79368866454518
"HS3ST1",2.22286029363027
"EIF4EBP2",1.11506569201404
"DYNC2H1",0.686920792690721
"BIRC5",-2.08972515857946
"TTN",-3.86194617039319
"CYCS",-1.47134934980439
"FGL2",1.84510463776541
"AGO2",-0.734309470854257
"NAIF1",-1.29241622490986
"PELI3",0.926234235717174
"TDG",-0.961991822695679
"EIF3M",-0.925246822621539
"PLEKHO2",-2.08551910692399
"EGF",1.34726025806936
"MSX1",-0.890344488661318
"CLUH",-1.42344296674198
"PQLC2",-1.82776631057136
"LRRC28",1.38474427903541
"ZGPAT",-1.76103644259896
"UBE2L6",0.74450824964349
"FAM193A",-0.851327177045899
"SLMAP",-0.824803970821014
"CD47",0.861657600289502
"TCERG1",-0.896893305154742
"TUBB3",0.948219018228503
"AKT2",0.728815082270005
"DYRK3",-1.3780271709959
"SIX4",-1.10544698760099
"KANK1",1.21645856069248
"EDC3",-0.779578019129346
"STARD8",-1.90130485068325
"ZNF486",-1.38586959493237
"EYA4",0.849776755673847
"HAUS2",-1.11486745755733
"CALCOCO1",1.53239808202567
"ADPGK",0.843929747255735
"ZNF625",-2.06098321964854
"MED13",-1.00470355372413
"YJU2",-1.20936957555945
"CLU",1.46514076705064
"TJP2",-1.22384100344616
"EFNA5",1.01217877317195
"KCTD10",-0.798699400832937
"SCAF4",-0.843602253577994
"SUMF2",1.5050247522602
"ATP7B",2.49215460959701
"TGFBR2",1.25489124280366
"BEND7",-1.45828828399836
"PCGF6",-1.32367837976626
"FN1",1.21803550078267
"METTL25",1.5928615336841
"GLG1",1.50054195835178
"PPFIBP1",0.977507739799423
"TRAK1",1.31992706909152
"PCNX4",1.03080054705901
"ZNF202",-1.54846059624349
"NEK10",-2.55024246339561
"AP4E1",-1.14179582240031
"GLMP",1.35043381617098
"CWC22",-1.02360508951675
"DDX31",-1.05857269632028
"CKB",2.25831332248135
"HIST1H2AK",-2.80759021359126
"SLC47A1",1.2609149846327
"MID2",1.20708689004958
"TRMT44",-1.34493479263988
"CASC10",1.99989612898246
"GLT8D1",1.20610186422324
"ETF1",-1.04376820867441
"ZNF75D",1.18569978481849
"C2orf72",2.52605874563497
"UAP1L1",-1.58509427062625
"DTNA",1.8014803274283
"MAP1B",0.975226609474227
"SLC12A2",1.01727157757764
"COL14A1",2.33545896907708
"IFRD2",-1.79926551402763
"TNFRSF10B",-1.67130455860123
"EIF2B5",-0.859862783874463
"GSTM1",2.3675260525792
"FBXO16",1.37033954680652
"MYO9A",0.786445283598655
"GSDME",0.80537793447139
"BICC1",1.1199667711041
"REEP1",1.32973560687072
"MSANTD3",-1.71107875310671
"MORC3",-0.650470421429255
"ID1",3.56133095581589
"AKIRIN1",-1.36090248351625
"ANXA6",1.5061534044418
"TMEM214",0.833651959433032
"FAM13A",1.2190323750456
"FSTL1",1.71833765317995
"CARF",1.10986149628661
"GPR89A",-0.764826626494151
"SNX11",-1.43542133376268
"FKBP14",1.09699410229386
"SLC2A3",1.2806864886194
"C1orf52",-0.954253706439313
"ZC3H12A",-3.62561298455383
"LAPTM4B",0.831127263989487
"HACD3",0.781826012626262
"BRD1",-0.947023763322507
"FAM167A",-1.14598115381345
"DZIP1",0.860665138553889
"DBF4",-1.22261794362604
"C9orf72",1.15667728745084
"ACTB",0.736794793699049
"CACNA1C",1.39561442659227
"SLC36A1",-1.4181967080842
"RTCB",-1.32186713365218
"CST3",1.42937519577269
"PKD1L1",-3.53588721862798
"HPS5",-0.79405956956861
"CXCL16",0.712506012968891
"EXO1",-2.18813676648631
"RBBP8",-1.04887361254887
"PLEKHM1",-1.05879998179351
"PCDHGA7",1.58501711042395
"CIPC",0.969647054245196
"QPRT",2.37803180127754
"GNAI2",1.40852539905733
"CDCA2",-1.62637587898617
"CEP126",2.04378750648565
"KCTD6",0.752781506672536
"BRSK1",-2.0765472219287
"INPP4B",-0.951186191467193
"CCDC102B",2.7611312183627
"USP15",-1.13534776221292
"SEMA4G",2.57423606843489
"AR",1.3347127585772
"MYBL1",-1.92005254011185
"LRRFIP1",0.885458721189452
"STEAP3",1.0462576935287
"INTS13",-0.88370149415224
"BTG3",-0.976008928352912
"OMD",3.06472624063065
"RUNX2",1.05558397331553
"TEX10",-1.7610597606657
"NAA15",-1.00317178866872
"CADM1",0.829199883130733
"FAM149A",1.85125111463845
"YARS",-1.731367386353
"CPEB2",-0.785186905035947
"MAP7D1",-1.24880724587695
"RALGAPA2",1.17731648211563
"NCEH1",-1.39033792003409
"RIN2",1.03465308018829
"SIRT6",-1.10346153142983
"TMOD2",0.963250535111725
"RAD9B",-1.71005945007858
"ZUP1",-1.02485885895014
"ZIC1",1.05448144766275
"SH2D4A",-1.6746347496432
"AARS",-1.44869464470077
"MED18",-1.20040881446055
"ZNF629",-0.833562400317254
"PDIA3",0.827432233712426
"ATP6V0B",-1.09790148525414
"IL11",-5.17655743700475
"PLPP1",1.19878705948364
"ATAD2B",-0.981987253878787
"FAM47E",1.79576716841531
"CREBBP",-0.826074038327608
"VIM",1.04292562370826
"EIF1B",-0.830804221284119
"C14orf132",2.01147635950051
"OGFOD1",-0.687254596021363
"ATAD3A",-1.67619509518576
"ARSD",1.71110830697494
"PIK3R2",1.06714935702599
"ASNSD1",-0.92397493291473
"TMEM167B",0.757638985056291
"FNIP2",-0.882088836962719
"C16orf91",-1.32738430953772
"MFSD2A",-4.55476334298599
"EXOSC9",-1.1364093515635
"CAD",-1.21950913500948
"SP140L",-0.849312186411078
"MTUS1",1.70680101058604
"NIPSNAP2",0.773882030263536
"APLF",-1.10060766015832
"MFAP3L",1.17486266643026
"SIDT2",0.804949732751255
"DCC",2.14441230923264
"PDE12",-0.686787960254801
"SLC33A1",1.00554637314807
"GAREM1",1.43701342580743
"NOP2",-2.11171008929249
"LPCAT4",1.13705136765092
"SKA3",-0.901754674482552
"SLC16A4",0.764451479814699
"SEPHS2",-0.886609413955794
"E4F1",-1.26082787356525
"SLC6A8",0.815936910424818
"CCDC137",-1.98255162539118
"RNASEH1",-1.03426563990965
"MTAP",1.06494891469859
"MTTP",1.13084199677919
"KRBA2",1.45821458016949
"PKP4",-1.00714672893197
"CDKN3",-1.28631285276221
"ADCY9",0.77134616175668
"PLAGL2",-0.674662852242248
"ZNF726",-1.10669441751886
"COL5A2",2.10979977811854
"AIFM1",-0.857201045541202
"IRAK2",-1.28018824560314
"JUN",-1.00188662221073
"PGAP1",1.46164198730022
"SRGAP3",1.32520438133425
"DUSP7",-0.892463806315077
"MAP1LC3A",1.50338159540967
"FAM49A",0.915218536702384
"NRN1",2.09538826332869
"GPATCH2",-1.35999741671975
"CPEB4",-1.68722201331446
"IFT140",1.25306954245964
"WSB1",1.1185714636774
"PNN",-1.25219387067389
"DDX5",-0.679186578960598
"ZNF709",-1.45056796875879
"MAD1L1",-1.69035937587728
"CIR1",-1.01849384042842
"MRNIP",-1.36078765840966
"PRRT3",1.68903004667806
"SYF2",-0.894679497866643
"FDX2",-1.64654703241542
"AURKB",-1.85528391164157
"CLSPN",-2.4554367781525
"C11orf80",0.972283795322917
"TFEB",-1.38417685959607
"SPIDR",0.786778437094306
"USP36",-1.88087382930252
"BCL2L12",-1.22623358211237
"PUF60",-1.77827807074501
"EIF2AK1",0.707384233556446
"GNPTAB",1.36719719475904
"MASTL",-1.25209841503236
"COQ10B",-0.947485587632591
"SLC28A2",2.03699825551926
"SBNO2",-1.9977715185432
"MLLT1",-0.745777823255468
"ZNF212",-1.29859480646839
"RAD54B",-0.999327222440497
"CDKL4",-3.45135683381315
"TMED3",1.16973138533249
"PIM1",-1.13169891339467
"KIF3A",0.93349245924261
"ROR1",-0.87495986486258
"CCT3",-0.946557492477309
"DCAF15",-1.3330683468757
"EDNRB",2.6886905251057
"ADAM28",2.28808819213417
"PDCD4",2.00541041317675
"ENO2",1.46888776908665
"REL",-1.19301338227093
"SLC10A7",1.08745009029133
"CDIPT",0.730860711658806
"ZNF121",-0.942681436865657
"FCGRT",1.30966903563198
"AHNAK",0.881937839958662
"SRSF3",-2.26186445266432
"HIST2H2BF",-1.68374764143327
"HIST1H2AJ",-2.66853265259163
"SEPT1",1.7754426065823
"CKAP2L",-1.0441824012694
"G0S2",1.82824671040372
"HIST1H2BE",-1.16812713625186
"SH3KBP1",1.06908608565203
"ZNF668",-0.868257170688245
"DENND6B",1.82607922907619
"KLHL11",-1.55503366078281
"TET3",-2.35884366370248
"NNT",0.794281366215889
"HOMER3",-1.63106853561168
"NUAK2",-2.32512411852092
"BCAR1",-1.85065836228642
"TK2",1.0456175108822
"CRYL1",1.89760016518082
"SSR3",0.879350768672491
"DCUN1D5",-0.97964380698884
"FZD3",2.0526274369423
"NME3",1.90802839451237
"XRCC1",-1.39370410591604
"IGFBP3",0.89035822110293
"TGFA",-2.02846644002398
"SFXN1",0.752031186827971
"PNO1",-1.50361491577873
"PIR",1.92008604091567
"PGGHG",2.29952171692901
"MIDN",-1.24801138038262
"SMPDL3A",1.40845787954822
"HIST1H1C",-1.31524231583241
"GRM2",-5.29160171471187
"DST",0.771270717528811
"HIST2H2AB",-1.58975294943045
"IDH3A",-1.04824313154607
"CDCA8",-1.76728340686736
"GNAS",0.746142267891717
"OXTR",-3.21570289026119
"MTF1",-0.778171356070575
"MUC1",1.58968252330209
"PLK1",-1.84236668623036
"HIST1H1D",-1.54032165108117
"ERGIC3",0.660676109262124
"RAB31",0.830439339289721
"CCDC66",-0.973365555375705
"DHRS13",1.52237650115309
"UTP4",-1.89244708511554
"ATG4D",-1.9796776928722
"OSTC",0.996608069970713
"NCKAP5L",-1.47488362492174
"HECTD2",1.01767579900613
"SCAMP1",0.903233405025121
"NCAPD3",-1.04973042890129
"ZNF200",-1.55379889057015
"BAHD1",-1.45540435611221
"GADD45A",-3.06640271174612
"ZNF25",1.75626157242015
"COG5",0.73308114738358
"NBPF20",-1.04299553083049
"P3H4",1.45968877378676
"PLEKHA8",0.703509929031266
"AKAP7",1.02466338266656
"SLC44A1",1.84747376674842
"MANBA",1.35936954096513
"GPX8",0.893597747514749
"SPTLC2",1.7875333897247
"RTL8A",0.953391530923749
"BRWD3",1.35609699683789
"TRMT10C",-0.877565885814086
"CPS1",1.39085132668747
"TPPP",-1.24522725904408
"ERGIC1",0.813128331108469
"MSANTD4",-0.69356699769094
"PIK3C2B",1.34405656240514
"GPD1L",1.49569426867128
"MOGS",1.14507383560651
"LOXL3",1.40686521178001
"ATP7A",1.83144339211278
"SF3B3",-0.66265428770732
"RCE1",-1.13995443834079
"RAE1",-1.19331804707109
"ITSN1",0.971588266594646
"P2RY1",2.51997655054248
"ST3GAL1",2.20689335779797
"NHS",0.744174919433733
"BAZ1B",-0.683115568395201
"TBL1X",0.867288000788724
"LIN37",-1.56641915056498
"ZNF319",-2.30263625412909
"C2CD3",-0.908902212313947
"LOX",0.883975956465814
"FAS",-0.960069417739459
"CFAP157",-1.51309823705093
"TRIM16L",-1.08699914881826
"STX18",-1.12834640320879
"EGR3",-1.8027199169393
"ATP2B4",1.1724736711376
"RTL6",-1.18149440126257
"GJA3",1.53676362848603
"SESN2",-3.5665243612726
"NOC2L",-1.20339886130543
"ANKRD50",0.835094560959003
"CAPN1",0.98552465159359
"FIGNL1",-1.29437055836228
"ANXA2",0.817712644041862
"POLA2",-1.32858550438524
"ZNF274",-1.95018977630754
"TRAF2",-1.66942408060838
"VMP1",0.687380789727361
"ARHGAP28",3.4966057606079
"TM2D3",1.20927983672184
"CEP135",-1.24272205274264
"MBD3",-0.934555921887095
"DNAJC25",-1.0488965258799
"LIMA1",-1.35494676086755
"MRPS6",0.843394208801575
"LYRM9",1.68327315565203
"SNX9",0.776270287334045
"ENTR1",-0.805572835756676
"ALDOC",1.95286509811126
"ARRDC4",-2.33083707025389
"SOD3",1.16841253829099
"TOE1",-2.09010567289133
"DDIAS",-2.38571891431184
"MAP2",1.99363962948692
"CARNS1",2.50968420126673
"HJURP",-1.88938670862914
"KCTD7",0.819981761133616
"RHOBTB3",1.01735332193303
"HACD4",1.1572490659141
"EDAR",-3.62491285010244
"RNF31",-1.27385783910419
"ZNF471",1.70580740900246
"GXYLT2",1.55791497588319
"STON2",0.812359856323634
"TUBE1",-1.02900185525071
"MAOB",2.78596959952836
"SPATA6",2.66464726242326
"PLXNB3",1.62488139928101
"UTRN",0.972788689553181
"CHST15",1.08439037654696
"ERCC4",-0.8773428558596
"PLD6",-2.28759964568393
"HGSNAT",1.0499079514803
"MARS2",-1.44228920589469
"CNPPD1",0.741706092827137
"RBMS2",1.30894123020536
"MMADHC",-0.934967196421466
"RANBP10",-0.852305983297179
"ZNF597",-1.24631162992024
"TMEM131L",1.3059724435883
"CEP72",-1.79225704958729
"ZNHIT2",-2.66640914430043
"TMEM256",1.38591314825991
"CTSS",-1.70573120883234
"NCSTN",1.03681538105237
"CLIP3",0.663925093946477
"SPATA5L1",-1.78388244304838
"SLC30A4",1.08441867113843
"TIMM23",-1.19382862397071
"NAV2",-1.16349803340658
"RRP1",-1.66033491424599
"PSD3",1.2928080472742
"SDC1",-1.12752321721706
"DOCK1",0.978072081543308
"GNPDA1",-0.666288158420259
"HSPA4",-0.973035890740073
"PCDHB10",1.70850427443279
"RAD54L",-1.469752645915
"SEMA4B",0.790804739795454
"EIF4E3",1.84892771389195
"NDEL1",0.674880645763469
"IPO4",-0.841743379255364
"NACC1",-1.31281352408214
"IP6K1",-1.45651352391084
"PCDHGB7",1.48238719006222
"SASH1",1.04332688984919
"RNF150",-1.20593496251929
"SMC4",-1.56190371164528
"SPRY1",1.13887000597976
"SENP7",0.710342983781466
"NEBL",1.91662504812164
"PDP2",-1.22617118131702
"KDM5C",-0.866942311904738
"ABHD18",1.09552768572884
"MUL1",-1.3678366717345
"CTTNBP2",1.04395393755512
"PRPF38B",-1.11062419492506
"SCUBE3",1.12631480325597
"DRAXIN",1.17329505351813
"SESN3",3.38590817845404
"IL12RB2",-3.25772766839525
"KRCC1",-0.909325048087431
"MLLT3",0.910102952791908
"C18orf25",-0.861578474673396
"ERG28",0.788326466210952
"MARCH7",-0.822543205966686
"ZC3H15",-0.935253886980048
"MARVELD1",1.65825736738246
"PRIM2",-1.00302965956164
"MAFF",-2.30340133762305
"ZNF577",1.54722301832266
"PTPN13",1.36711455773539
"IL5",1.9722432182382
"VPS13D",0.675472452193989
"CDC25C",-1.63568655679461
"SLC25A13",-0.933772033114779
"MIS12",-1.32449806582801
"PURG",1.13516749296353
"HDX",-0.901452633768532
"PPP1R3E",1.43993686676503
"PSMA5",-0.79591114030553
"TIMM50",-0.979178120022277
"GADD45B",-3.46162412331539
"EFHD1",1.34552894439939
"EBNA1BP2",-1.04898679196066
"ARL4D",-2.58435294510013
"ABLIM1",1.38235390605193
"DRD2",-1.04567041181895
"GJA1",1.67175123686512
"PROS1",1.81315990811113
"SSRP1",-0.768925637213867
"TAF9B",1.08100594732602
"GSTA4",2.25994958346536
"DNAJA2",-1.33738504909054
"ARID4B",-1.02170186909899
"PPP1R15B",-1.19419809041584
"GPI",1.09929473304311
"CCDC85B",-2.63774583495114
"TPPP3",1.59244942094873
"INHBA",-2.10759149507118
"ZNF697",-1.48911036714131
"HNRNPLL",-0.740310431791063
"MRRF",-1.17958357570734
"MED11",1.8161693342698
"HCFC1R1",1.23280531303617
"RPS6KA2",0.986205121505108
"PNMA2",2.18101982303766
"EMC2",1.33704200796832
"ATF4",-0.960324190429381
"IWS1",-1.20078583532885
"ZNF429",0.836964962286393
"WNT16",-1.80720847353433
"CREB3L2",1.08987182770487
"PALLD",0.774620809394021
"POLR1B",-0.943600946484537
"NRBF2",-0.882030825236771
"TRMT61A",-1.08243922164224
"MCM7",-1.97262414585554
"ATAD3B",-1.94653278714086
"ATP13A1",-0.867788066929417
"MAGI3",1.10848190975234
"SKP2",1.00129365666966
"PLS3",0.714337931418776
"AP5Z1",-2.07826657881067
"ZNF681",-1.04101771686099
"AGAP1",1.15993103882107
"LAYN",1.53595324991165
"DLX2",-1.63736215688274
"GALNT7",0.94140206512528
"IFNGR1",1.14023473390389
"IARS",-1.1232077756829
"SUPT6H",-1.00469809075367
"MFAP4",2.98941917613614
"VBP1",-0.934867066922471
"TLK2",-0.853126147542332
"DUSP6",-1.23470136947604
"HBEGF",-3.31062617067145
"ESS2",-1.12719005168605
"EXOSC8",-1.02305395239663
"ADO",-1.01791879597067
"TF",3.89130071003387
"SKAP2",1.42929494331701
"RAB11FIP5",-1.02691683932975
"BOP1",-1.5473181896536
"HMGXB3",-1.57872127507574
"AEN",-3.2026619367512
"FBXO5",-1.21705906035156
"DUSP1",-1.23548919815741
"HCCS",-1.9933931338456
"TMEM106A",1.29069000365773
"CHRM3",1.38662809272086
"RRAS",1.02586155979797
"RRP7A",-0.986188949039177
"KANSL2",-1.15006295561394
"DNAJB6",-0.917790165160656
"TBP",-0.813251421482287
"HNRNPDL",-0.704834315383684
"DUSP5",-2.42884033564578
"ZNF730",-2.33879517927299
"DDIT4",0.984002032434273
"INAFM2",-0.946397058495309
"GPR146",1.37346657222125
"BEND6",0.954744365137419
"MRTO4",-1.34860113919496
"C5orf51",-0.927098271602677
"OGG1",0.936874238865053
"TBC1D14",0.811110329240616
"GTPBP1",-0.776877662786487
"PPIP5K2",1.52925308953308
"FADD",-1.02701638537273
"IFRD1",-1.5107067178729
"DYRK1A",-0.906370257535872
"KBTBD6",1.88994239900576
"GFER",-1.59162591370595
"TUB",1.58161927500084
"MRM3",-1.48438924847528
"ZNF776",-1.40610899541446
"ZFP14",1.91797589398008
"CAPRIN2",0.912289178969988
"APP",1.48098711568124
"PCDHAC2",2.73171034787682
"PIDD1",-1.53265934448484
"FAM169A",-1.73305915080181
"CEBPB",-1.18671484886485
"CDH11",1.92095603505732
"RAB3GAP1",-0.959946539466474
"C19orf66",1.16623751074876
"ZNF367",-1.95500168787689
"ACTL6A",-0.783627042243431
"GANAB",0.768102685772836
"TRAPPC13",-1.01545299407124
"FAM110A",-2.81157039433195
"SDHD",1.18206721977413
"ZNF652",1.51266471453021
"TUT7",-0.97629899172869
"ADSL",-1.19134689429144
"KIF18A",-1.40457098995025
"C1orf112",-1.00035206772974
"ST8SIA4",3.76045195859015
"NME4",0.806249501750959
"ITGA7",0.944924277748062
"LZTFL1",0.73040053915087
"DUS3L",-1.82732516324806
"FBXL6",-1.94268889782485
"DYNC1LI1",-1.13893545167925
"ZC3HAV1",1.21679467987309
"TTLL3",1.88601762255313
"EGR1",-2.81816408571414
"NETO2",-1.41324557678272
"C17orf53",-3.08293662117132
"RRP9",-1.88281821501035
"GPR3",-2.181116178117
"JPH1",-2.42310909034767
"UTP18",-1.16878257613013
"LIMK2",-1.17013701258191
"EMC7",-0.844515569953524
"GPD2",0.743452678894274
"BRPF1",-1.72578442519782
"PRELID2",1.73156428395441
"UNC5B",1.54554989368573
"SEMA5A",1.6271784059174
"ZNF717",0.771732538968996
"E2F7",-1.45102847874854
"KIF14",-1.14647818499411
"TG",-2.25191085719295
"MXD1",-1.16591809832615
"AGTR1",1.39383971565199
"DEPDC1",-1.40882686044962
"SH3TC2",1.02360297975817
"SGTA",-0.846240407903932
"MAN1B1",1.28984619447136
"MAP6",0.969405271490297
"UTP14A",-1.78311498821931
"DDAH1",-1.14931607495904
"SH3BP2",1.89733152570742
"TTLL1",2.12547833778848
"COPG1",0.729374289913149
"SEPT10",0.736164867840458
"WDR35",-1.21113728451845
"GRPEL2",-0.957057304565315
"KAT6B",0.98823645184566
"ZC3H18",-0.939170101257665
"BRD4",-0.918125554266261
"SPON1",-2.10848588938324
"TMEM80",1.69538215147632
"TSPAN9",0.826380140840152
"PLK3",-1.07458373440267
"GNB4",1.10278519181479
"XRCC2",-1.41651102895571
"EPS15",0.906169811935623
"PPIF",-0.822878931742245
"DNAJC6",-1.58568209839099
"TPST1",-1.85702956508885
"DLG3",-1.53595639250997
"NOD1",0.856298524008559
"SLC27A4",-0.947935639955386
"CMIP",0.836169657269497
"SLC35E3",0.826843683557152
"PGAM1",0.680448175166258
"CALM1",0.866185399835588
"ATP6V0A2",-1.16575573363377
"NYNRIN",3.10668437958628
"IDUA",1.33488406524077
"ABI3BP",1.23437275425348
"SLC23A2",0.687351734499702
"PLEKHM2",-1.60338371620339
"WDR1",-0.672771458145837
"CASK",1.24803228708066
"TIMELESS",-0.883588889091739
"LRRK2",1.84279052497191
"MTMR11",1.28265086725553
"LMNB2",-0.83352231679942
"BZW1",-0.815642527661893
"SV2A",1.01691551762162
"TM9SF2",0.985313173016539
"RANBP1",-0.815856593693262
"COPS5",-1.15345270207517
"AMOTL2",-2.96892963655755
"TMEM219",1.22973103289889
"MIGA2",-1.40313977894739
"PXK",0.752116006719721
"MBLAC2",0.936418114222377
"CREB3L1",0.704206815506809
"UBE2D1",-1.01146899300218
"PLAC8L1",-1.95063289015434
"NAAA",0.848212991658267
"PCDHB7",1.62176646330236
"LIF",-2.25181840789391
"PIK3R1",1.53123946510805
"RTN3",1.31371605989358
"C1QBP",-0.79653360232046
"ACTR1B",0.868064632519425
"TRAPPC9",1.10265893801845
"TOR3A",-0.932308105926212
"EPHA5",2.11619557550041
"GLRX2",-1.19696603522733
"ADAMTS1",1.23144246704456
"NLGN2",0.740108194701901
"C17orf58",1.36903993938756
"MXI1",1.20815526462976
"C2orf68",1.63408726337381
"TFPI",1.12771418803838
"UBAP1",-1.66551180976874
"C6orf106",-0.689234703817787
"LAMA2",2.03932949986996
"KIF22",-1.41880226261649
"TUBB1",-1.4110156206223
"EFHC1",0.984165062873939
"PCNA",-0.886191893300508
"GAK",-0.903053486344524
"TWNK",-1.45128876065245
"UBR5",-0.806122865683665
"VHL",0.64245619474756
"SKIDA1",1.74440124384111
"SNX29",1.0381818680579
"CHAF1A",-2.00026865235059
"SLC25A1",0.943981168109857
"METTL7A",2.2191062289788
"TYMS",-0.895588553089806
"VLDLR",1.87497653105884
"ACACB",1.02191637820628
"SHMT2",-1.42815694226876
"METTL27",1.17108292870532
"FBXW5",-1.00639895693853
"RABGGTB",-0.796903908922376
"SMARCA2",0.778877812407397
"SGO1",-1.89913895093346
"SNAP23",0.900718128895327
"UPP1",-2.79972130928086
"PPARGC1B",-1.61321320902835
"PSAP",0.859263437810609
"TRAPPC10",-1.13106220526205
"SNAPC4",-2.34341252447351
"ARL5A",0.794945451326513
"ACSM4",-2.33000220379042
"TCEA2",0.877534842489711
"AIMP1",-0.704548392780509
"HSPA4L",-1.08836117855516
"GALE",-0.985053989114798
"BEX3",1.18747109347962
"IDS",1.00512512042307
"DNAJC7",-1.3073769051763
"BMS1",-1.00477111029048
"SEPT8",0.8522214348713
"PHF23",-1.33078142834703
"FGFRL1",2.08338673677999
"CDK4",-0.67395843874468
"ZNF16",-1.57019295357793
"LIFR",0.969626260007423
"GTF2IRD1",-0.96136709926316
"SHB",-1.32084469791073
"TMEM35B",1.22210667149116
"TMEM14A",1.15452744184829
"ZNF23",-0.839572081500838
"GPN1",-0.875123069925684
"WAC",-0.802351497857333
"GPC6",1.67901069905113
"XXYLT1",0.79046297634672
"NOSIP",-1.12623049991865
"PCDHB4",1.28900573506402
"PAK1IP1",-1.26559294974822
"HIST1H3D",-2.17422837888145
"SLC38A6",1.31039612685266
"PCMTD2",1.49856022779538
"CGRRF1",-1.42923050460508
"SCARA3",1.06224077534835
"NIPAL3",1.54883075104598
"SMIM3",0.820894547817929
"SLC25A5",-1.38700212341551
"TNFRSF1A",0.928009743453226
"CTTNBP2NL",-1.18632141826219
"PRKN",2.42853429479142
"SMARCB1",-1.95121666418695
"TIGD6",-1.37584102144677
"WBP2",0.646046275710855
"ZWINT",-2.26269415514272
"CCDC138",-1.45559663905568
"L1CAM",1.66976869452717
"DPYSL3",1.07208290406286
"RCL1",-1.59787993264418
"DNAJC22",1.57612159250694
"GSKIP",-1.42751041899222
"ATG101",-1.48092524681239
"PRDM6",2.36287657273734
"PRICKLE2",0.83796746631973
"HSPBAP1",-1.95319817463204
"CBX6",-1.65246738888231
"MET",-1.88966998444318
"CENPP",-1.49099511749855
"RHOBTB1",2.14328307535958
"NBPF26",-0.986830980269999
"PDRG1",-1.89233678312429
"IK",-0.776667269132171
"WHAMM",-1.2607747646185
"C5orf34",-2.77902920858039
"RCC1",-1.60685535642613
"DIABLO",-1.10678849762611
"MFGE8",1.42126515791686
"EXTL2",0.944574644868134
"NACAD",1.22220936823317
"ECD",-1.04191758811947
"TAS2R5",-1.76957022346757
"COQ9",-0.763604282492737
"NDUFB9",-0.838086208567452
"HIST1H4J",-2.44598992989243
"ABHD4",0.711622100460606
"WRB",1.53599075970159
"CTH",-2.17958448094986
"EMILIN1",1.38464666269829
"LTA4H",0.906315765749762
"LRRC8D",-1.52780910179242
"PRTFDC1",1.18000298574176
"OLFML2A",2.2559823134756
"RFTN2",1.4607420235728
"NUCB2",1.13807379396043
"C1RL",2.19607296555002
"TMEM8B",1.45825543369305
"RNF145",1.27326326543058
"RNF126",-1.53233413631855
"CCDC144A",1.52738567357477
"CTSB",1.02140685327103
"ABCA9",-1.71446575411784
"ARID3B",-1.37932435152291
"BUD13",-0.835671799379845
"VCAN",2.19315017286356
"ANKRD36C",2.14164141444005
"SYNPO",-1.21395499100298
"NCAPG2",-1.06185524925455
"LRFN4",-1.00767669054372
"ZNF394",-1.10024422730649
"TJAP1",-1.53579583704976
"BICD1",0.785858181524333
"CDC34",-0.906617849658499
"SSR1",0.700905109372642
"DBI",0.8409466024023
"TAB2",-0.889145281411104
"ATG2A",-1.05719102129323
"ARNTL2",-1.43889771750455
"TRIM66",0.966966474427876
"ANKRD12",0.786656935459311
"ZNF574",-1.76282905412971
"SP4",0.77700613809456
"PITPNM3",-1.63739270571871
"ZNF66",-1.84221552925471
"GGA3",-0.665171501788064
"PRAF2",0.918820943411403
"RANGAP1",-2.3668867738003
"TMEM187",1.87450802402479
"SRPX",1.3850135954742
"TICRR",-1.11465195685451
"NR2F1",1.74709787530658
"LDLR",1.02915807010479
"SMNDC1",-0.918385000768745
"SF3B2",-0.689229151213003
"CDK8",-1.30354913281855
"LTBP4",1.05314533481531
"CHTOP",-0.835241129693074
"DDX39A",-2.65787735948015
"PHKB",0.791190814652625
"C1S",1.92163639600981
"PARP9",0.722687168854255
"ANTXR1",2.26047321725141
"WASHC1",-1.63935718119656
"AURKA",-1.01726445303588
"COL5A1",1.50666525866467
"LYAR",-1.40583487843961
"SERTAD3",-0.878336034105284
"HDAC9",-2.04061727433426
"DONSON",-0.845701336966158
"KIF1C",-0.842532653971853
"EPHX3",-4.32653456468473
"SH3BGRL",2.27676502759256
"ERO1A",1.519875469892
"HLCS",0.894698175868178
"PCDH18",2.47098274708339
"AJUBA",-1.20316767562105
"PDE5A",1.29201384573161
"ZNF90",-1.07514880792736
"PCDHGC3",2.00655613128091
"EFCAB14",0.664842373043351
"JAKMIP2",1.07260834161139
"LRRC37B",-1.03999128592063
"POLR3A",-1.13438056708454
"LINS1",-1.39679961368436
"ZNF233",1.92254602693771
"NOL11",-0.966357901238249
"ARL13B",-0.93828655966518
"PCDHB11",1.55482047539292
"FCGR1A",-1.50250014035592
"NIN",0.809893256195697
"HIST1H3J",-2.68357693450805
"OXR1",0.891667597225284
"DBNDD1",1.31649805179076
"AKAP12",-0.954863978597932
"ZNF44",-1.97576430625632
"P2RX6",1.81307379614029
"RBM15",-0.96439523305861
"CRIP2",1.42244199968661
"RNF144A",1.82833403136157
"ALDH8A1",-3.1046196279813
"TMEM192",-0.99981916473047
"PPM1L",1.56679122073306
"PRPF39",-0.850765450452114
"MTO1",-1.10775277167703
"SNIP1",-0.809689433762373
"NOL4L",1.43490011282502
"FZD8",-2.52699331678824
"TRPS1",0.972812533382734
"ARHGEF18",-0.78846302716634
"TNFRSF19",2.00231368216252
"SLC16A6",-2.07166650074554
"TWISTNB",-0.851853426151491
"ID2",2.29344302054243
"CDH7",3.17799015949561
"SRA1",-1.44176070991928
"TAF4B",-1.62076632540011
"CYB5R4",-0.846653473146415
"KIAA0753",-0.962725083839765
"PSMC3",-1.51762535034335
"CAMK1G",-4.23460813610019
"SARAF",0.633809789968843
"C19orf24",-1.07553373090489
"ICAM1",-4.93746005507219
"NEK6",0.694476229873748
"PLXNA1",-0.827379450160771
"ABHD10",1.20427883063285
"ZBTB17",-1.54150681085076
"WDR90",-1.05738798939646
"ZNF335",-1.43032719328247
"TEF",-1.81331301290537
"RBM34",-0.997974374755829
"STC1",1.05218141419147
"PTPRF",1.316359038272
"RAN",-0.906469204195391
"RETREG1",1.47533936386811
"KLF10",-2.9728705792646
"ZNF195",-1.07841288797922
"GTSE1",-1.51935811928187
"MOCS3",-0.769271231044874
"IFIT1",1.94281066192707
"IL4R",-1.82949978198955
"CPSF7",-1.04209475532823
"SELENOP",2.14961730988867
"TSC22D3",1.72050049597302
"EPB41L1",1.32878051140796
"INCENP",-0.96710450136126
"KIZ",0.975569680894592
"SAP30BP",-1.09393393006562
"PPA1",-1.01088420613397
"YIPF5",0.708190316401535
"SPDYA",-1.7721515276049
"DDX56",-0.954868228837404
"ZBTB40",-1.03085039023758
"FSIP2",1.18384507896702
"SCAI",0.923493540118023
"COA7",-1.75389254366974
"CDHR3",1.6369501220023
"R3HCC1",-0.940320920938995
"GYS1",1.27883448535265
"ANGPT1",2.12716698898955
"GCNA",-2.72499151540411
"ZNF513",-1.1825203878414
"HIRIP3",-1.14451293237725
"UNC80",1.75187939532382
"CTU2",-1.20258560274147
"PQBP1",-1.53781111649576
"KCNC1",2.03084228800937
"ZNF396",1.09840323780926
"CD109",1.28173422917974
"ABL1",-0.782062131322947
"BRCA1",-1.10932004345922
"MPZL1",2.10000508796931
"GINS2",-1.45806696239792
"LRRC75B",1.33884413817097
"FKBP1A",0.649773221192854
"ABCF2",-1.31009499692824
"WIPI1",1.17177515808629
"NFKBIZ",-1.25239543465963
"RBMX",-0.791175111098318
"FAM111B",-2.35709445275197
"ZNF79",-1.41012897499439
"IMPA1",-1.33987489041067
"MRPS31",-1.04768947319624
"MTG2",-1.90918095210556
"ARHGEF40",-0.801717396015258
"EEF1AKMT3",1.37610391971853
"C1orf162",-3.25955832134796
"ASXL3",-1.34216675308887
"BCKDK",0.781197157568902
"HIST1H4H",-2.72709502016974
"ST7L",-1.34072135059462
"SAMD1",1.09877354728716
"LIX1L",1.48035314460198
"ALG9",0.774815971908462
"SIRT5",0.893582219633834
"RFLNB",-1.50921894912033
"ZNF846",1.48537618633549
"GTF2A2",-0.972799769911476
"ARPIN",1.90155478310981
"NR4A3",-2.37439147243361
"QARS",0.934431133488582
"CYTH2",-0.773404409954813
"TPRG1L",1.0161641188648
"IMP4",-1.10157794031483
"TRIM2",0.993683272265539
"CCNB2",-0.970221329998762
"WDR4",-1.90442496268575
"SEMA6C",1.51055926034644
"ZNF746",-1.19838610309257
"HASPIN",-3.03980962098838
"FAM133B",-1.41288192918088
"OSGEPL1",0.993052723277983
"ZIC4",1.36841840078946
"USP7",-0.772072158708677
"ATF5",-1.00312702541158
"FTL",1.06967142165805
"TMCC3",-1.01995277591604
"GRAMD4",0.808046619987852
"HNRNPK",-0.646831420139268
"MFAP2",2.41747895524162
"CD59",0.697926653222285
"S100A10",0.899749400980012
"IL20RB",-1.68998396982997
"CDC14A",-1.85501580034944
"LOC100287896",1.39846684968406
"SESTD1",1.60415116934396
"NDST1",-0.674247732862745
"TNFAIP8",-1.91569987221448
"TXNL4B",-1.21740272990859
"ATXN3",1.39945359647442
"TMEM132A",-1.35487688363162
"VMAC",1.52487958982153
"ENO3",-2.66698245803435
"ZNF611",0.899847180051447
"ZNF316",-2.11417637809327
"TGFBI",2.1424048121314
"HSDL2",0.79399304926157
"UBE2D2",-0.745185996532657
"TACO1",-1.3018585104643
"CD163L1",-2.76294149173317
"ARL15",1.1505237059464
"MTIF3",0.850573849783391
"MYH9",-0.657064935656632
"TSSC4",-1.77342237819919
"COL4A2",1.55859458405909
"TXNRD3",1.04675886494861
"LGALS3BP",1.80767904309586
"TMTC2",1.92777027725575
"ZNF451",-0.756624173492808
"ADI1",1.32946222126358
"HMGA1",-1.51049377813878
"ZNF425",-1.1818864194795
"ZSWIM3",-0.914245266918388
"MAGT1",0.713236200238563
"ACAP1",1.79216791655181
"AUTS2",0.949339816104535
"PGPEP1",1.32363529568441
"RELB",-3.86533256984092
"C1QL1",1.89986535893542
"ERCC6L",-1.15350646157148
"PDZRN3",0.836705569163201
"MAST3",1.07010603375276
"HIST2H2AC",-2.1362269373369
"HSPB1",1.43226929220844
"ATAD2",-1.59299119095752
"PFKL",0.689140987142123
"COL1A2",2.48245576831183
"MRTFB",0.969931572996934
"MED14",0.765271867338074
"SELPLG",-4.28199914715465
"TBX2",-2.28851212977974
"PCDH9",1.48460241543616
"ARHGEF6",1.90852554013591
"TAF2",-0.671526081138497
"CALM3",1.2840423378569
"RBM15B",-0.824455203164301
"MAP3K14",-1.65459569943769
"SLC25A25",-1.74214567601693
"TRAM2",0.794822366658008
"TTF2",-0.925113914880994
"NAA25",-0.67169663504177
"CCNT1",-0.945640981011195
"TCP1",-0.869803050100591
"TRAPPC1",1.25280636116381
"HSP90B1",1.08077898279214
"TMEM254",1.65242824819416
"PTGFRN",1.50896920874464
"TACC3",-1.85160644443971
"FBXL5",0.795548755842485
"DPY19L1",1.54406686032544
"NPTXR",1.80445907767312
"GINS3",-1.3905602950698
"ATRN",0.675026332485764
"ACADSB",0.960770424755455
"SGK1",-1.30642085588505
"TBC1D8B",2.51828429579745
"ARNT",1.04009702079212
"GLB1",1.3576053161512
"KAT5",-1.09267060636693
"STK11",-1.11970965540276
"EFNB1",0.715137845253228
"TIMP3",1.75091223714493
"BSG",0.896445557318014
"PHF14",0.852794111443596
"TEPSIN",-1.5408611346185
"CASKIN2",-1.37647217178104
"ZXDB",-0.734126399278789
"MGST3",1.07769009921468
"SEMA5B",4.10519345535409
"MBOAT2",1.5316765540576
"CHIC2",-1.23542557597578
"ITGA11",1.38793887547001
"MNAT1",-1.10771171472045
"POLR3C",-1.37330680334752
"DUSP22",1.30737816067618
"GM2A",2.30816397839937
"PDK3",1.55847660445202
"PRR14",-1.11157243352207
"C3orf18",1.43614396340914
"CD81",1.79390875336658
"FCHO2",0.792604888750638
"ELL",-2.24803478629882
"ESAM",-3.63912228032146
"DHFR2",1.2987951779201
"MXRA7",0.637750852684512
"WIPF1",1.1575147021635
"ZNF521",1.98067120870427
"TXNDC15",1.30865892518432
"TYW5",-1.12781348819793
"IMPA2",2.513625249573
"POLE3",-0.698274363253118
"ITGA1",-1.40093391919514
"TMEM158",-2.32360034307477
"SMAD6",2.92835127071276
"CLSTN1",0.829795662607991
"TNIP2",-1.56707877430151
"PEX16",-1.27002000383936
"LBR",1.60882426277961
"APH1B",0.892043125047477
"HIST1H4C",-3.16648632725537
"UTP20",-0.709178079839454
"NOP16",-1.30838036449085
"RBM43",1.57321974886429
"PDE4DIP",1.62214429975272
"FEM1A",-1.35952237136504
"MYBBP1A",-1.1046614725839
"POLR3F",-0.914167952217021
"RPS6KA5",2.35170077267516
"KDM3A",0.706663765132776
"GFPT1",0.790661692263432
"ANPEP",0.98136844038184
"ARC",-4.20013108944122
"NOP58",-1.59441686964971
"BUB1",-1.49545564233014
"WWC2",-0.810078713150076
"MMP24-AS1-EDEM2",1.51515787313926
"MAP2K6",2.71286162014826
"NUP107",-0.844720954335645
"RPUSD1",-0.989395553858799
"CDK5",1.01188594086078
"ADAMTS7",1.13288370534541
"TTC27",-1.01629211968117
"TP53BP2",-1.0206940885617
"TMEM132B",2.64143631276631
"ABCA2",1.64017288219599
"MXD4",1.46815295485965
"METTL9",0.718349556280938
"TIMM10B",0.923199997556421
"FZR1",-1.1316555352515
"PSD",-2.78679917053823
"EDA2R",-1.71480690428312
"SLC39A14",-0.829344700716506
"RLF",-0.863449827025058
"NPIPB4",-0.896758031455797
"ANLN",-1.4384706534732
"UBIAD1",-1.12936330228565
"MTHFD2",-0.869224482267314
"MAP2K7",-0.789587693934078
"SSTR2",-3.47220694391858
"INTS6",-1.04782307117726
"DMXL2",1.14323286462635
"STK32C&1",1.5518106551003
"ARSA",1.50986682709345
"IGSF8",1.61555323112777
"SRI",0.958091244953634
"ADGRE5",-0.876310928257347
"VPS13B",0.715943557933398
"FOXG1",1.66948750211273
"MYO16",-2.04254338033832
"AKAP17A",-1.8832452063438
"HIST1H2BG",-1.61384970767811
"SUGCT",1.50428836778053
"IL17RD",1.3834077724839
"BRPF3",-1.52358474784694
"HEG1",1.43550798603091
"AK4",1.2482555828448
"ETFBKMT",1.47072538533641
"COPZ2",0.92151019770806
"DPP9",-0.917446953831363
"ARRB1",0.675617239948089
"TRIM25",-0.790744326058989
"RBBP9",1.979842740667
"DUSP10",-1.93048658941953
"CLTB",-1.77184299487441
"TGFBR1",-1.06276717715325
"TMPO",-0.823960979993853
"UPF1",-1.36473847596079
"TP53INP1",1.20257506165788
"PER2",-1.02175690478077
"CYLD",-2.50763199229214
"PLAU",-3.70103675826439
"RCAN1",-1.7709853506296
"TMEM150C",-1.64186115947202
"RABGEF1",-0.654122261297427
"UMPS",-0.783877607462378
"CRYBG3",0.834757749762806
"SUGP1",-1.29456668172129
"ZNF823",-1.33554733710305
"IGF2BP3",1.20896542093963
"RBM42",-0.934688149943716
"ZDHHC24",1.29289129047213
"OGFOD3",1.06016889862193
"IER5L",0.887823503672299
"DDX50",-0.802143160796661
"ECH1",1.08537901307596
"PEG3",1.61011020058287
"ARNTL",-1.20814536353984
"TCAF1",1.108538194235
"AMMECR1L",-0.942585377065482
"MRPS9",-1.10161971811055
"MGP",2.77376928777649
"ZNF628",-2.28830510593276
"IRF5",-1.42462723012136
"MOK",-1.13879466011161
"PLXNA3",0.87125486682496
"ZBTB41",0.780994577242478
"HIST1H2BM",-2.36735388051022
"VAMP1",1.33508228041823
"RIPK2",-1.34238770421395
"NBEA",0.757577316847787
"BORA",-0.84593729209797
"L3MBTL1",1.32421936165716
"PSPC1",-1.45361730799641
"GZF1",-1.30836541985307
"HIST1H3A",-1.42972831392625
"SRRM2",-0.855419324530844
"YY1AP1",-1.78119530093764
"UBE4B",0.986364033620071
"MFN1",0.734036935867561
"SOX21",3.17612680389071
"HECW2",1.45353329151297
"TCF4",2.10832509881219
"ATP11A",1.31807138837656
"CLCN2",-1.07447846149759
"CCDC28A",1.03217019890338
"HNRNPAB",-1.02800672109128
"ZFP91",-1.09613070295616
"TOP1",-1.2117883643145
"PKD1L3",-2.11671681794069
"WISP1",2.51882663782628
"GSTCD",-0.924315523079218
"MLXIP",-0.745093574690642
"ID3",3.55088900802522
"LTBP3",0.909634369014436
"PCDHGC4",1.81226987740898
"C2orf88",1.13329756088366
"SRSF7",-1.6217078801586
"ZNF554",-1.99483116391468
"REEP6",2.54551380477424
"NEDD4",-0.951443794526032
"CDS2",0.782087608392651
"TRDMT1",1.09309764944094
"MTR",0.718658842051363
"LIN9",-1.56856140637585
"KHDRBS3",-0.919542111593534
"GSAP",1.23055588583823
"TRIM11",-2.3536710698377
"BTBD3",1.45688579568433
"ZNF134",-1.2567667121735
"PQLC3",1.83155254641766
"C4orf3",2.19642450034709
"AOC3",-4.37568518561533
"TCHP",-1.24630892807077
"MME",2.94943068128511
"ETFDH",0.906733027852468
"THNSL1",0.879969391723442
"OSER1",-1.36601570578521
"GMEB2",-1.55136490833826
"POLE",-0.819127606792394
"AGAP6",-1.69962697081495
"SPAG16",0.813771766456239
"LZTS1",1.31275108961783
"TMEM179B",0.946750695080322
"NFX1",-0.76464045844538
"CIAPIN1",-0.871126405998113
"LGALSL",-0.91521346647532
"CLCF1",-1.23661643137556
"ZDHHC20",0.805467562384406
"OMA1",1.0409325368252
"CSE1L",-0.953080841048867
"HILPDA",1.60155994889762
"SYNGR1",1.86779625506632
"MUM1",0.899128914605019
"B3GAT3",-0.945285435282366
"IQCG",1.04898695440891
"ARMC6",-1.66605982012894
"GANC",0.990647429609519
"BIVM",1.09298663876702
"RSRC2",-2.33569387059298
"GVQW3",1.4705980491371
"SREBF2",0.920179178286856
"AP3D1",-1.03995306626568
"GPX7",1.36017253045609
"ARL14EP",-1.64106387356184
"HNMT",2.61514086519767
"PRICKLE1",-1.95613224356891
"SIPA1L1",1.25266074625095
"MRPL32",-1.15062293420662
"C3orf35",-1.96865833186313
"ZBTB16",8.81960421489068
"TMEM88",-2.47609952725087
"ERI1",-0.727514398523805
"ANAPC7",-1.18741074775088
"CSNK2A2",-0.997375215247998
"GLUL",1.39428798896846
"NOC4L",-1.20354084739334
"RFXAP",1.04890605025847
"ARHGAP39",-1.80840656705302
"RRNAD1",-1.14067603522158
"WDR19",0.923029328439813
"RNF38",1.32005785496407
"TBC1D16",1.0943159480112
"MLEC",0.968991085851461
"CUL7",1.34194808188231
"MTERF4",1.01567823663636
"MND1",-2.15691697627226
"SPRED3",-0.932572766833362
"ISG20L2",-1.13727125183357
"RELT",-1.23591959509164
"NAGA",1.54412107499486
"ABHD14B",1.83142383082942
"HEATR5A",0.949916347396167
"PHTF2",1.15440573035138
"EFL1",-1.77801661508868
"EIF2B3",-0.990263919772182
"TGIF1",-0.854135358199685
"HIST1H2AI",-2.53978589468629
"FNIP1",-0.719985764472602
"DHRS7B",-1.67716264358445
"DCHS1",1.30312797063243
"FSTL3",1.38316918495795
"ZNF26",-0.885497558840729
"MOSPD1",-1.01711737176171
"SIKE1",1.68993324999233
"SRSF2",-1.05946760399964
"CRCP",-1.11869617309625
"SLC25A24",1.69297429247673
"ATXN7L3",-0.941326397496106
"PYGM",-3.97913841956049
"P2RX7",1.46583139394863
"MRTFA",-1.38762993693509
"MARCH5",-0.928562100785978
"SLC40A1",3.07221025252946
"CCDC17",-1.67001406185205
"EMC9",-2.52291750712304
"BMPR2",1.01467961470706
"LARP6",-0.856740068534473
"TLE3",0.883937551157007
"HSPH1",-0.994742050885896
"OSBPL1A",1.14406835067979
"SLC38A3",2.97731597657566
"ARL1",1.1100435343657
"FYCO1",0.883015544261351
"KPNA2",-1.777384175814
"LOXL1",1.72526802785406
"CRIM1",1.11514428693723
"RIOK3",-1.84171358160483
"MAPK8IP1",-0.807427686088281
"TMEM45A",1.58291584455659
"MEPCE",-1.25379167144809
"GALNT2",0.686912144147482
"FKBP8",0.751747469341559
"KNL1",-1.04604873823672
"S100A6",1.14386903379817
"NUP205",-0.731250294542005
"PTBP1",-1.2323718649775
"AASS",0.687497646368453
"CD151",0.823841580169144
"LYNX1",1.40545250187967
"ARHGEF9",0.951078256585161
"ZNF667",1.18904434286277
"TNS2",2.31695306898235
"SLC2A10",2.23867409121803
"BAZ1A",-1.27169450070158
"CNOT6L",1.16972875281349
"UNC93B1",1.44695968459419
"APLP1",0.807404235296424
"FAM234B",1.33971033595455
"PPARGC1A",-1.0268272598448
"BBS1",0.842579872766056
"DENND6A",0.966014493111974
"CDC7",-1.30746401927336
"LIG4",-1.56375785049904
"KANK2",1.27100924865796
"KIAA1107",1.60195665043279
"ZNF398",-1.47888170505501
"NIPSNAP3A",1.09035076417664
"TEDC2",-1.99007440992203
"ERAP2",0.987020708586474
"MB21D2",-3.42537162174232
"TMEM199",-1.16147691989155
"KHDC4",-0.803508261620948
"VPS41",0.820165295379546
"ORC6",-1.79570210175152
"STK40",-0.931218404242817
"ZNF449",1.10988505461555
"POFUT1",1.38622838083369
"TAF1D",-1.34552887092532
"FAM172A",1.83930261703156
"SAE1",-1.16342023114556
"ADGRB3",3.23132666695767
"TELO2",-1.34215028333165
"SRFBP1",-0.953928291807201
"GPR176",-1.94770944539243
"SLC46A1",1.45687487424617
"POC1A",-1.89712941838073
"CDC45",-2.58789596272503
"C3orf58",1.22348376202464
"CDC42EP2",-2.98992491319423
"WTAP",-0.76181806455475
"BCAS2",-0.910719438555
"IQCK",0.912902930330087
"ATXN7L2",-1.16854970896822
"DAGLB",-1.64365567811114
"TPRKB",-1.17191766293714
"C18orf54",-1.30570018780362
"MCM4",-1.61104492216851
"CARD19",0.770539752332694
"NFKB1",-2.38820427897692
"AKIRIN2",-0.848422964892642
"SH2B3",-0.781992126121487
"SOBP",2.13326321436785
"UBALD2",-1.94879675793114
"IGFBP2",1.00793575960068
"DDB2",-1.74115879986749
"LNPEP",0.726940351388166
"SERINC3",0.85122106048758
"BRAP",-1.50194811375209
"HIST2H3D",-2.83898914332042
"CDYL2",-2.25913174927291
"TRA2A",-1.81767203734418
"TMEM8A",-1.21691860726691
"NOL9",-0.929306258269989
"PAPPA",-1.34297707330706
"PUM3",-0.727241621770287
"PPP3CC",-1.15870940768325
"ERI2",-0.941538656728767
"HNRNPH1",-0.627143073754354
"DDIT4L",3.36042432436603
"IL17RC",1.16633856520249
"TARS",-1.91673177775156
"ZNF883",1.14925254540309
"SYCP3",1.2457232424151
"CEBPZ",-0.77438312979929
"MARS",-1.47141883048987
"ALDH2",1.14217421218377
"ZNF721",-0.804406931008708
"TKFC",1.02544682121672
"DCAF4L1",-2.43677728308976
"BMP8A",-2.24610046232842
"PER3",-0.992688499033134
"PBXIP1",2.92351672755197
"HEY1",1.89192251225571
"RECK",1.4290729335556
"RIN1",-1.70693049363617
"CRIPT",1.23123691880743
"ASCC2",-0.851875250254629
"N4BP2",1.48117761546638
"SHCBP1",-1.67520219136858
"FAM129A",-1.08708146155842
"NT5DC1",1.25809092932077
"ANP32A",0.843926483125947
"GAPDH",1.16674628861677
"PRRX1",1.4293102818048
"ZBTB38",-0.630413675788611
"TRAFD1",-1.40689190683482
"NUP88",-1.11534540789752
"TIGAR",-2.10416640076305
"KDELR3",2.51225965941972
"KLF4",-1.51514864462623
"EIF3I",-0.763760636067103
"OSBPL7",1.18490104284512
"ODR4",-0.841566514521945
"SEPT3",1.53430585452616
"HIST1H2BH",-1.11696852242722
"FIZ1",-0.896867518268133
"HOXA13",2.16355438993469
"FAM168A",1.52709236081978
"PLBD2",1.14478202540832
"SNX10",1.9244496377195
"MYBL2",-1.54726860832588
"PPP4R3A",-0.784137322996878
"VWCE",-2.62913351887358
"IFI6",1.80693408159249
"HECA",1.25572891168521
"SEMA3B",1.18140674906366
"OST4",1.10915001355474
"CASC4",0.75645505184775
"LGALS8",-0.793777521313455
"STRADB",1.02724532805952
"MVB12A",0.993108579653293
"BNIP3L",1.77354062065123
"SPDL1",-1.36479794099273
"TUBB4B",-1.01822496485095
"TMBIM4",0.975259734564447
"CHN1",1.62093256226907
"PDGFRB",1.8268118482656
"CENPM",-3.23518244214169
"ZNF267",-2.31651284742263
"C1QL4",2.89810639539726
"FZD7",0.742976122585594
"PIANP",2.35462307875631
"DDX10",-1.22537845933973
"E2F8",-1.94865957305993
"C1orf131",-1.14811986029222
"KIF2C",-1.46181982910224
"CALD1",1.22483922699136
"MEF2C",2.24112320898231
"FZD1",0.947296825912452
"CPD",0.942507212289231
"ZSWIM4",-3.31924545016977
"NUP58",-1.53867339307714
"FBRS",-2.02739725602503
"LRR1",-1.5208981224926
"RP9",-1.19251007298204
"RRM2",-2.49451045982919
"LIPA",1.62109332178353
"LAT2",-2.08187367727633
"IDH2",1.17593707123416
"FLCN",-1.65286771999938
"ALDH5A1",1.93265156222603
"NDRG3",1.42373728457857
"PIP4K2C",-1.2070319561267
"PCDHGA2",2.12262986293553
"MED26",-1.60781231172935
"PLD3",1.5891752316397
"PCDHB3",2.25662844168285
"SLFN5",-1.52041789693769
"IQSEC2",0.987144517508793
"ALDH3A2",2.3297553224479
"FABP7",3.31699999349527
"PINX1",-2.86828181833908
"PGS1",-1.00862631712458
"PES1",-1.12684277786208
"PLOD2",2.07122111073496
"KARS",-0.732585227684887
"C1GALT1C1",1.28449962531266
"CAB39",-1.31281337067944
"EID2",-1.13539001344118
"ZBTB7C",1.31262646193183
"ACSF2",0.820709414533915
"FBXL20",0.700206494754242
"ALKBH1",-1.33040641932814
"ZNF337",0.942397789280153
"ATF1",-0.758394041623206
"CAST",0.719362883247684
"PFKFB4",1.53409568230328
"HS2ST1",0.798704416235222
"H6PD",1.48946038536131
"RTTN",-0.749529226590755
"TBC1D32",1.25040305457396
"CD46",1.05231008853958
"ACAD8",-0.891494454400516
"NREP",1.95210199149778
"GOLIM4",1.49474462342493
"TAPT1",-1.04534687075377
"PCLO",-1.54222401657095
"ABCB9",1.16241963023095
"SRP68",-1.00996897763879
"NARS",-0.826965677130044
"PCDHGB1",2.12693381035831
"CD83",-1.98330828731963
"RANBP3",-0.978951262380948
"PCF11",-0.723735179243896
"DNTTIP1",-0.869964275549078
"CCAR2",-1.19451911069777
"CORO2A",1.86421891873077
"SYNM",1.31578990307789
"ZNF441",-1.92325417584805
"LUM",3.3730082932116
"HIST1H3H",-2.35360492970114
"THBS3",1.00713552273234
"FNBP1L",1.0170220385154
"KLHL13",1.5381457750423
"ERLIN2",1.95917914431471
"PKMYT1",-3.29894446204342
"DPH5",-0.741425567943611
"SOX5",1.79715670110611
"ANK1",1.2137842350928
"PCDHGA11",1.35649823821052
"NME1",-1.35947725552684
"CEP55",-1.2515025327254
"ACHE",-4.73041267855515
"TIMM44",-1.68126249250786
"RTKN2",-1.33144164994981
"TRIM36",-1.79842901184729
"BOC",1.86973093197131
"POPDC3",1.33532024858183
"PPP2CA",-1.2790155468686
"PAM",1.46826183411708
"NDRG1",1.85866902796182
"DPY19L4",1.23913340124352
"ADGRL2",2.14539688715038
"TATDN1",-1.08968429713243
"ZNF593",-1.72943306371023
"TRIP10",-0.943183765811647
"CYR61",-2.5647698560291
"FRRS1L",2.66487199761063
"STRN4",-0.868507416232549
"TNFAIP3",-3.16425483767649
"FLT1",-3.06841709563047
"STMN4",-8.60976621800869
"ENTPD5",1.44406878719728
"SLC35D1",0.700839656705305
"ARL10",1.23810234128621
"ANKAR",1.05745671893832
"PDIA6",0.990702282356304
"OSBPL2",-0.737460885296226
"E2F4",-0.867070653652712
"GLDC",-1.87755691871
"PIP4K2A",1.05218595127525
"RPS6KB2",-1.0549520314947
"TENT5A",1.247761774356
"FAM20C",1.26460863934357
"LRRC49",-1.80667594238889
"ETS2",-2.12848765123117
"TRIM21",-0.890352428174635
"KIAA0895",1.22916806435937
"LDLRAP1",0.765909816199043
"COL8A2",1.43670193523488
"USP10",-0.642398829688361
"TRMT1",-1.42348047894103
"THUMPD3",-1.08525063360989
"INPP5E",-1.32228335584203
"CDC42EP1",-0.988252816274817
"ARHGAP24",1.33964288076372
"U2AF2",-0.90971669738615
"VPS39",0.709378786776764
"CALCRL",3.12300762687108
"SFPQ",-0.741823962550798
"BNIP1",-1.13136542346622
"FAM107B",-2.42388852721382
"PCDHB9",2.22088987463688
"FEZ1",1.17203235867318
"CDK9",-0.925528446963512
"STPG4",-3.9023024918946
"RUNX1T1",1.78168771661198
"PPM1A",0.725379891995149
"ZNF132",-1.23155841326615
"NAV3",-3.11517563603048
"BACE1",0.883183717288233
"RFC3",-1.42541778878339
"ZMIZ2",-1.79641097249269
"B4GALT5",0.859602521420927
"LONP1",-0.692528459057056
"RBM48",-0.846231817447319
"MRPL15",-1.06173875119816
"NFKBIB",-3.75444748467307
"PDE7A",1.11155612665416
"AGO4",0.89131129991919
"TMEM168",0.855471029130559
"ZNF440",-1.0208586219428
"HP1BP3",0.838091697107404
"NBPF19",-1.44918844851658
"PDE4D",0.72342770518477
"SNN",1.09119082040099
"BRD8",-0.749859555706313
"YTHDF1",-0.811450224202091
"FAM110B",0.947029847551393
"WHRN",1.06602219415099
"NUFIP1",-1.24294760603895
"PPP2R2A",-0.849191449734176
"ESPL1",-2.31087600479777
"SRPRA",0.802802683427233
"RSAD1",1.36641100229293
"BRCA2",-2.05160565482643
"PPARG",3.14488155915611
"GPT2",-0.787843446365895
"RGL1",0.751984684472918
"CTDSP2",1.01297297204071
"ZNF706",0.793494049695827
"FCGR2A",2.51356215143205
"PRPF4",-1.25879907300657
"ZNF627",-2.01806709397135
"ZNF678",-1.90458789512102
"EHD1",-1.35111070214081
"MEOX2",3.06946446894543
"PPFIA1",-0.673772525304787
"RNF10",-0.977655699730297
"ZNF605",0.99258608757948
"PIK3CD",-1.29557760453316
"UBE2H",0.634837759492353
"DDX20",-1.54427506541798
"SLC1A3",0.952093525945277
"RFC2",-1.72710390901505
"SETMAR",1.02135726619913
"GTF3A",-0.827476773793386
"HIST1H3I",-1.68512810224733
"STARD4",1.35705606473713
"SERTAD4",2.10479606433586
"ATP11C",0.827129975602756
"GMCL1",0.875529833526895
"EFNB3",2.95360654950516
"ZNF140",-0.936493460632522
"PTCH1",1.49323075261904
"HACL1",-0.918267412565918
"PDK2",1.89258793659782
"PCDHB16",1.78373696535419
"TPGS2",0.87458635963496
"WDR76",-1.27166408683205
"UBE2E3",1.09389213474286
"SLC35F2",-1.88523045483961
"TONSL",-1.34238511031102
"RSL1D1",-1.38140714601173
"R3HDM4",-0.775864268461791
"DAAM2",1.13148139959368
"HFE",1.61393546776648
"PBX1",1.71530402621843
"EMC8",-1.17737772431481
"NPIPB11",-1.11379974660388
"ATXN2L",-0.863750983966406
"CYB5R3",1.37455178594668
"KBTBD7",2.46528512540255
"FBXO25",1.38910802779283
"PHC2",-1.10290484211395
"HERC3",0.733741377670426
"URB1",-1.05243382555907
"SLC25A22",-2.15188850479656
"ITGAV",1.14840964220003
"NBPF15",0.924416453138787
"BIRC3",-1.28062116054953
"PLEKHF2",-1.18616166326386
"ATL1",1.02072755088322
"PPM1D",-1.74627849491149
"WWTR1",0.71371270274865
"PSMC6",-0.836670482504298
"RASEF",-3.0413760524687
"MAPK3",1.05019721358623
"GRAMD2B",1.85456325459146
"NAALADL2",1.88424482265382
"C7orf26",-0.69547165834306
"PUS1",-1.78481296401612
"ANKLE2",-1.26052593162447
"TFDP2",0.757696261191893
"NUSAP1",-1.23852921051935
"ANTXR2",0.787130465863673
"GLI2",1.15165804072839
"REEP3",0.734340296262966
"PSME2",-1.19373339598474
"DPH2",-1.1126285903304
"FAM122A",0.748848956244093
"PHKA2",1.09295839476724
"BRMS1",-1.4229265469068
"AUNIP",-2.84623803151843
"EIF2S1",-0.95029157289882
"RRAGA",0.718730156692365
"RGMA",2.35677746674953
"PCDHGA3",2.31070082313158
"PCYT1B",2.21412739042131
"FAM71F2",-1.89284736946277
"THAP3",-1.35939515234375
"GRPR",-2.35847327329824
"NBPF10",-1.17902736667244
"AKAP1",0.998101044098072
"FLAD1",-1.12941597847505
"DCLK1",1.76437757934225
"WIPF3",-1.86675621301814
"TMEM47",1.49978985392634
"NRCAM",1.34871524215639
"TRAF1",-3.44378501436368
"KLHL25",-1.61944895050449
"PELP1",-0.731063790433897
"TNKS1BP1",-0.695588013639396
"RBAK",-0.626671946146548
"HIGD2A",0.882980116211443
"SLC22A17",1.19924042911286
"GSN",1.35587193556021
"CCT7",-1.17801565038033
"HSF2",-0.750977286305042
"KATNAL1",1.0048079064407
"NECAB3",0.855528231858544
"ZNF787",-1.67202801787408
"ZNF131",-0.938593643579221
"CASKIN1",1.31430515867101
"NXPH3",-3.03764342839606
"NGLY1",-0.855415270462087
"AAGAB",-1.18217896510548
"TSG101",-0.937171056775475
"FMN2",1.20987690007601
"PTEN",-0.682206053902728
"PIGZ",1.85524000136462
"RAB9A",-1.44065066699675
"RNASEH2A",-1.28548012282204
"NTRK2",1.99512245847044
"UBE2J2",-1.53793769382645
"UHRF2",-0.997542465349985
"VXN",-1.99768352822356
"LOXL2",1.40382777984639
"METTL7B",2.02339844651958
"CKAP2",-0.79963132821955
"ASB6",-0.970931662954614
"FKRP",-1.46794715403425
"C5orf24",1.09754794208406
"CCDC191",1.85432581422419
"FAM117B",1.05859822694863
"BAK1",-1.7262388145375
"SLC35D2",1.00287429777582
"MINDY1",1.24974619450187
"SLC18B1",1.25031096604475
"KLRC4",1.95443454368396
"HMMR",-1.80543076968785
"ALAS1",-1.02273015330373
"CBARP",-3.33994178403832
"CHSY3",1.98496557923126
"ZIK1",-1.42356469396109
"FAM13B",-0.77706863798919
"PSMC5",-0.992845692637535
"ARAP1",0.977491579079238
"SPHK1",-4.55852005164924
"C1orf43",-0.970406642347948
"VGLL4",1.20265253994593
"HHAT",1.88643289056701
"RNF6",-1.25104019608911
"MBOAT1",1.67461997412364
"CEBPD",0.816078309007228
"MGST1",1.15535431924938
"MPPED2",1.73530430565955
"PLIN3",0.760506045624162
"ESYT1",1.15246196850044
"BRD3OS",1.34498279893798
"TNRC6C",-0.975202631272873
"CYP4V2",0.790298782135465
"RYBP",-1.21862702495187
"DENND4B",-1.15020808594038
"HECTD3",0.789242331323175
"APAF1",0.847893132146909
"SFXN3",1.40733875312779
"ZNF84",0.814301558625607
"HIRA",-0.918536570350378
"THAP1",-1.03152085532525
"PHYKPL",1.30074092156406
"PRR36",1.83540248612103
"CLCN4",-1.03573610759788
"MARC1",1.66897126604983
"GCLC",1.71050559523904
"LPAR2",-1.32210884412791
"ASIC1",2.03430963176466
"SSX2IP",1.08569942927995
"SATB1",0.83476396153804
"DDX55",-1.12288386170073
"BIRC2",-0.901872101953683
"KLHL15",-0.885383634971461
"ADAM22",1.49994478978495
"SUPV3L1",-1.23375007858273
"RNF40",-0.7150777906454
"BBS9",1.94273524358144
"TRAF3",-1.19714759474184
"MAP1S",-1.634367258745
"SPTY2D1",-1.01307317371168
"PTPRM",0.900152196099848
"PLCB4",0.747713561061817
"CENPO",-0.82621260582005
"SOCS2",-1.17103288911697
"SAMD9",0.907110669859258
"SLC35E1",0.872910715807385
"LDB1",0.993824251061863
"PCDHGA1",1.78205266781581
"CLASRP",-1.63277637493039
"NDC80",-1.50660117141262
"COG6",1.67398327572341
"ZPR1",-1.62898397065196
"SVEP1",1.57794371492509
"AIMP2",-1.87324897886377
"PRCP",1.00805595761434
"ULK2",0.748275377900476
"FANCI",-1.46067274605337
"GTPBP4",-1.40656805991935
"GNG7",2.30020426251254
"MMP24OS",1.26797322982201
"ABTB2",-1.34821303640758
"RAVER2",0.945572406960449
"TGFB1",0.835760555365306
"CCDC15",-1.17400124293627
"DQX1",-2.52993425646892
"UPF3B",-1.57615389728697
"PLXND1",1.73310866441078
"ARHGEF37",1.07929859100576
"FAM83D",-1.97835696836406
"ZNF101",-1.98430457191339
"KLF16",-1.54108231638951
"SLC35B1",-0.813627140543716
"KMT5A",-1.36182944496748
"PAPSS1",0.819083569310142
"PLPP5",1.20278087838381
"MAML3",2.0223077480555
"PRUNE2",3.20328596338569
"HSPA9",-1.09288187319187
"SYNJ1",-0.925277037608337
"GOSR1",-0.746522226542082
"LAPTM4A",1.24909034747057
"MYADM",1.65398625972039
"CLK4",-0.885059556820806
"MAGED1",1.65803430939438
"GRWD1",-1.94674286493621
"SIRT2",1.40529902706094
"ERV3-1",1.29083850707086
"LSM1",-0.929706546662496
"DNPH1",1.64321467565785
"TGFBR3",3.31491013759454
"CHORDC1",-0.864922362634147
"ZNF433",-1.61141868262613
"HMGA2",1.17418706328882
"ETV4",-1.60394993128416
"PMAIP1",-1.94292754990362
"GNPAT",0.796239308231779
"FADS2",1.62308412228411
"SMCR8",-0.662695973201068
"RAB5A",-1.05841111454879
"HIST1H2BO",-2.34827870167934
"BVES",2.33841822337327
"PTPN4",0.838966837424042
"FARP1",1.32759481160026
"NPDC1",1.2698428909311
"NMT2",0.91173932835866
"SLC39A11",1.05827329940712
"F2RL1",-1.81322421963262
"ANK2",1.7875917127203
"PNRC1",1.00849654133227
"TOMM34",-1.34952287665555
"DDX54",-1.14867359506185
"HIST1H3G",-2.48407124001168
"HDAC7",-1.40812143462837
"PEX2",0.839082376991633
"CORO2B",0.794447615078872
"RRM1",-0.750014879139339
"MGAT5",1.60970366017685
"EN2",-1.82781680202423
"TCF7L1",1.5556546890885
"CNTNAP1",1.00274140085264
"BCAM",1.30589183209971
"FNDC5",-2.30903235797042
"PPME1",-0.87428662147433
"ADRM1",-1.1075556104019
"CEP170B",-1.07017954608058
"PTPN2",-1.18357970762042
"SREBF1",2.04055036429752
"PXDN",1.17924444635842
"APBB2",1.01098265817144
"AP1B1",-0.898072038693355
"HIST1H2AG",-2.62681231038283
"DNAJC2",-0.953501513967897
"KIFAP3",0.903506271109463
"P4HA2",1.59414982606751
"CPNE2",1.36837497680523
"UBE2S",-1.97716848097245
"FTSJ1",-0.90498793711454
"PPP1R8",-1.09185039823784
"ENC1",-2.49827789642028
"PTPRA",1.23118408550422
"ALPK3",-1.71564657009057
"LRP1",1.38453579216637
"USP39",-1.17554745358298
"FAM210B",2.10726160357705
"HARS",-0.824992469799745
"UNC5C",2.62699692732067
"DPYSL2",1.35264177931437
"RRP36",-1.18146298510665
"TFPI2",-2.35465694845317
"NRARP",-3.78816881162512
"ARHGAP23",-1.64228345503252
"ZBTB47",0.918492857982625
"ZNF763",-1.48391638264003
"HEATR6",1.02492375571738
"ZBTB10",-1.00065137761609
"PDK1",0.772929742580201
"ZNF682",-2.19701210620186
"PPIC",1.05376243967826
"MITD1",-1.43830003543827
"DIAPH2",1.1125002758981
"RPA2",-0.977122573627322
"CHUK",-1.12065104187488
"HIST1H4D",-2.30860999688662
"MMP2",2.43983571392467
"E2F1",-1.71085325293854
"ILKAP",-1.77114770625775
"FRS2",-0.699737242433339
"CAT",1.57118516492218
"GNL2",-1.60568280102791
"USP53",-1.20757583163579
"LCORL",-1.05166099879483
"MMP19",-2.13687120867431
"PALM",1.83824747910669
"PGP",-1.25969214427303
"USP5",0.764117517772245
"C12orf76",1.74496196218221
"RRN3",-1.75418796364356
"RUFY3",1.12153284521585
"NEPRO",-1.05183465458839
"ANKHD1",-1.07541981083898
"ZNF395",1.18605644480699
"FGF18",-5.15263607125886
"LAMC1",0.939866832089105
"WBP11",-1.12479631388822
"SOX6",2.72152138640974
"DDX17",0.92781906430302
"HIST1H2BD",-1.0148985927782
"TRMT6",-1.96473026997136
"RPL10A",-0.803745143043395
"TMEM136",1.37538408446328
"CPM",-2.04995373527851
"HSPA14",-1.20707818866852
"GALK1",1.61712698176156
"CNOT4",-1.02661397038493
"PTMS",1.05163766027393
"NET1",-1.00070092732501
"SPATS2L",1.06989907435346
"GLIPR2",1.15075363306287
"FBXO38",-0.794835380456074
"SDE2",-1.15328533679143
"RACGAP1",-1.3570058053792
"PCDHB8",1.3981438221117
"STARD9",1.05318527208211
"SLC35B2",0.99301153447994
"POLG",-1.24781536900758
"SLC37A2",-1.48692562712507
"PLAG1",0.722947339733478
"RARRES3",1.91364548770667
"B3GLCT",1.33602423203748
"RHBDD2",-0.790673994152378
"CENPA",-1.78481794676589
"DHFR",-1.41081508241473
"ZFYVE16",0.670606007195764
"LOC100129484",1.87978529178763
"LRP1B",1.8317826728894
"GPATCH4",-1.50384215188291
"SEC23A",0.878736279454991
"SEC61A1",0.826731207407697
"ABCA6",1.20672442912421
"NR4A2",1.70148101428485
"ADGRA2",1.1173675071217
"ZGRF1",-0.996566331883544
"PIKFYVE",0.683118838745416
"TMEM167A",1.05430369159778
"BTD",1.34642590464143
"PGRMC2",0.973858178912308
"PMEPA1",-2.01389656290598
"RFWD3",-1.89181961199093
"RAB3D",1.24786692505181
"ZNF724",-1.8268180850791
"GNAI1",1.83025504024741
"INO80D",-0.936885315092697
"SRRM5",-2.06543435754386
"TRO",0.964456271542593
"SPTLC3",1.49524889882099
"AUP1",-0.976925075129023
"TTLL9",-1.7604803490787
"CFAP20",-1.23380180536708
"AP2B1",0.869540838653088
"RAB21",-0.674644811381344
"RRS1",-1.90826288004447
"ATF3",-3.38135457206798
"MAMSTR",2.30089855546414
"YRDC",-1.19746656163222
"MRPL38",-1.13173040623828
"SART3",-1.17776509202424
"GINS4",-1.82581481900163
"C4orf47",2.45349348553195
"SGO2",-1.42416462113955
"TERF2",-0.782936297844005
"AOC2",-3.02432062194617
"PGAM5",-1.68183085101426
"GLYR1",-0.714868209905979
"RALGPS2",1.01262852064883
"AHNAK2",1.77338248257782
"MBD1",-0.872907077956275
"ZYG11B",1.01377325101557
"GGCX",0.920392266047979
"ATXN1L",-0.763003001995711
"CKAP4",1.05744816075838
"PSMC4",-1.21349573796701
"SPARCL1",1.33826375025762
"ARL6IP5",1.77084721061251
"GJC1",0.639283081738403
"NCAPH",-1.67292636486023
"MAPK8IP2",-1.97102115526777
"ARFGEF3",1.08592498724337
"CYBRD1",2.05436971107884
"WDR31",1.04576346995566
"ABCC5",1.09242625654818
"LRP10",0.759171805239632
"WNK3",-1.07964265513217
"SDSL",-2.3285299857352
"SLC37A1",1.84483045966803
"HMGCS1",0.908974499540452
"MCF2L",1.38772295311979
"TYK2",-1.05655104666402
"RAB5B",1.36450814646285
"CRTC2",-1.19207200874431
"CHST14",1.23425516819376
"ECE1",0.905762914250197
"GSTM4",1.31104351322072
"STEAP1",-1.89825935908203
"CHCHD3",-1.54446066445957
"ICA1L",0.756525233681361
"CHRNA10",-3.61720989549402
"DAG1",1.08977621649024
"NUP188",-0.92675062779303
"MATR3",-0.617896630525185
"DNAJC5",-0.695085453789034
"NUP37",-0.951825141869225
"ATF7",1.13308927505747
"MEST",1.20534890834115
"NEMP1",-2.09079946604653
"SDK1",1.46778855456302
"VPS18",-1.68138469505703
"KIF24",-2.14809321769572
"EGR2",-3.38163583217933
"MGARP",1.77415840276681
"SACS",0.685872917172744
"FJX1",-2.16835656837856
"PIM3",-2.47130095965384
"MCM10",-2.67298139536011
"SRSF10",-0.702259578407334
"BCL3",-1.46453998921313
"NID1",1.81093536909509
"BICRAL",1.28607042479632
"MICALL1",-1.17896358359268
"PARP11",0.767651784086446
"HDAC6",0.76702442084403
"FGF2",-1.18998591818301
"SFR1",-1.32428853557767
"BNIP3",0.80179936270394
"PRDX1",0.990189978791685
"KDELR2",0.666052004673076
"CA5B",1.49847492120536
"PPRC1",-1.76406627757396
"PGK1",1.98377954478452
"PTK7",1.11407820683704
"ZNF557",-0.910488236250644
"SMAD7",-1.01419253847666
"FAM213A",1.19289843931613
"HGH1",-1.31477577881794
"PITHD1",-1.59557594461837
"INSIG1",1.2562690017188
"RNF25",-1.01226687516282
"ZBTB48",-1.64499740958594
"LPXN",-2.8776249865473
"FAM222A",-2.14468565520293
"IFI44",1.48636771090992
"PCDHGA6",1.62065149010344
"EIF2S2",-1.17852632102112
"LZTS3",0.991152032370977
"SUMF1",1.74235536019615
